,Account,W200300,R102300,W202100,W200100,S102100,S102100,S102100,S102100,S102100,S100100,S100100,S100100,S100100,S100100,S100500,S100500,S100500,S100500,S100500,W201100,W201100,W201100,W201100,W201100,W201200,W201200,W201200,W201200,W201200,S101500,S101500,S101500,S101500,S101500,W402600,,,,,
,Period, ,,, ,20260710,20260713,20260714,20260715,20260716,20260710,20260713,20260714,20260715,20260716,20260710,20260713,20260714,20260715,20260716,20260710,20260713,20260714,20260715,20260716,20260710,20260713,20260714,20260715,20260716,20260710,20260713,20260714,20260715,20260716,20260710,num_cu_20260710,num_cu_20260713,num_cu_20260714,num_cu_20260715,num_cu_20260716
,Unit,Txt,Txt,Txt,Txt,Local mn,Local mn,Local mn,Local mn,Local mn,Local/Shares,Local/Shares,Local/Shares,Local/Shares,Local/Shares,%,%,%,%,%,Local/Shares,Local/Shares,Local/Shares,Local/Shares,Local/Shares,%,%,%,%,%,Shares,Shares,Shares,Shares,Shares,X,,,,,
,Base Date,,,,,,,,,,,,,,,,,,,,,,,,,,,,,,,,,,,,,,,,
Code,Name,상장일,상장폐지일,"ETF레버리지,인버스구분",ETF기초지수명,시가총액,시가총액,시가총액,시가총액,시가총액,종가,종가,종가,종가,종가,수정주가수익률,수정주가수익률,수정주가수익률,수정주가수익률,수정주가수익률,ETF순자산가치(NAV),ETF순자산가치(NAV),ETF순자산가치(NAV),ETF순자산가치(NAV),ETF순자산가치(NAV),ETF괴리율,ETF괴리율,ETF괴리율,ETF괴리율,ETF괴리율,상장주식수,상장주식수,상장주식수,상장주식수,상장주식수,CU구성좌수,,,,,
A0000J0,PLUS 한화그룹주,20241224,,일반,FnGuide 한화그룹주 지수,109347,103943.25,,,,26670,25665,,,,5,-3.77,,,,26618.32,25720.37,,,,0.19,-0.22,,,,4100000,4050000,,,,50000,82,81,0,0,0
A0000Z0,RISE 바이오TOP10액티브,20241224,,일반,KRX 바이오 TOP 10 지수,57893.5,56197.75,,,,9730,9445,,,,0.78,-2.93,,,,9726.93,9448.36,,,,0.03,-0.04,,,,5950000,5950000,,,,50000,119,119,0,0,0
A0001P0,마이티 바이오시밀러&CDMO액티브,20241224,,일반,FnGuide 바이오시밀러&CDMO 지수,10444,10242.4,,,,9325,9145,,,,2.75,-1.93,,,,9323.74,9087.85,,,,0.01,0.63,,,,1120000,1120000,,,,40000,28,28,0,0,0
A0005D0,SOL 전고체배터리&실리콘음극재,20250107,,일반,FnGuide 전고체배터리&실리콘음극재 지수(PR),131071.5,128756.25,,,,13870,13625,,,,6.9,-1.77,,,,13847.16,13595.4,,,,0.16,0.22,,,,9450000,9450000,,,,50000,189,189,0,0,0
A0005G0,IBK K-AI반도체코어테크,20250121,,일반,FnGuide K-AI반도체 코어테크 지수,200520,170432.5,,,,55700,48695,,,,4.89,-12.58,,,,55381.48,49077.25,,,,0.58,-0.78,,,,3600000,3500000,,,,50000,72,70,0,0,0
A0007N0,아이엠에셋 200,20250211,,일반,코스피 200,109791,98982,,,,121990,109980,,,,2.47,-9.85,,,,120947.77,109037.48,,,,0.86,0.86,,,,900000,900000,,,,50000,18,18,0,0,0
A0008T0,SOL 화장품TOP3플러스,20250121,,일반,FnGuide 화장품TOP3 플러스 지수(PR),71440.5,71299,,,,14730,15170,,,,1.8,2.99,,,,14700.74,15187.88,,,,0.2,-0.12,,,,4850000,4700000,,,,50000,97,94,0,0,0
A0018C0,PLUS 고배당주위클리고정커버드콜,20250305,,일반,코스피 고배당 위클리 고정 커버드콜 지수,78880,79605,,,,10880,10980,,,,2.4,0.92,,,,10895.63,10893.29,,,,-0.14,0.8,,,,7250000,7250000,,,,50000,145,145,0,0,0
A0052D0,TIGER 코리아배당다우존스,20250520,,일반,Dow Jones Korea Dividend 30 지수 (Price Return),351554.5,349995.5,,,,15590,15590,,,,2.33,0,,,,15692.25,15583.52,,,,-0.65,0.04,,,,22550000,22450000,,,,50000,451,449,0,0,0
A0053M0,더제이 중소형포커스액티브,20250722,,일반,코스피 200 중소형주지수,6228,6050.25,,,,13840,13445,,,,5.17,-2.85,,,,13917.55,13566.67,,,,-0.56,-0.9,,,,450000,450000,,,,50000,9,9,0,0,0
A0074K0,KoAct K수출핵심기업TOP30액티브,20250708,,일반,KEDI K수출핵심기업TOP30 지수(PR),142225.5,132486.75,,,,17890,16665,,,,3.8,-6.85,,,,17857.7,16604.4,,,,0.18,0.36,,,,7950000,7950000,,,,50000,159,159,0,0,0
A0080G0,KODEX 방산TOP10,20250715,,일반,iSelect 방산 TOP10 지수(Price Return),371583,356686,,,,10865,10460,,,,5.38,-3.73,,,,10918.94,10525.56,,,,-0.49,-0.62,,,,34200000,34100000,,,,100000,342,341,0,0,0
A0080Y0,SOL 조선TOP3플러스레버리지,20250715,,레버리지,FnGuide 조선 TOP3 플러스레버리지(2x) 지수,117007,112301,,,,9670,9205,,,,6.56,-4.81,,,,9608.44,9205.54,,,,0.64,-0.01,,,,12100000,12200000,,,,100000,121,122,0,0,0
A0088N0,WON K-글로벌수급상위,20250812,,일반,DeepSearch 외인수급 Top20 지수,15526,14889,,,,11090,10635,,,,5.62,-4.1,,,,11066.23,10601.96,,,,0.21,0.31,,,,1400000,1400000,,,,50000,28,28,0,0,0
A0089D0,KODEX 금융고배당TOP10,20250812,,일반,코스피 200 금융 고배당 TOP 10 지수,238478,238203,,,,13865,13930,,,,5.88,0.47,,,,13902.45,13862.28,,,,-0.27,0.49,,,,17200000,17100000,,,,100000,172,171,0,0,0
A0090B0,PLUS K방산소부장,20250826,,일반,Akros K방산소부장 지수(PR),12528,11904,,,,7830,7440,,,,5.31,-4.98,,,,7823.14,7423.42,,,,0.09,0.22,,,,1600000,1600000,,,,50000,32,32,0,0,0
A0091P0,TIGER 코리아원자력,20250819,,일반,iSelect 코리아 원자력 지수 (Price Return),534888,500592.75,,,,15640,14745,,,,7.71,-5.72,,,,15643.05,14752.81,,,,-0.02,-0.05,,,,34200000,33950000,,,,50000,684,679,0,0,0
A0092B0,SOL 한국원자력SMR,20250819,,일반,FnGuide 한국원자력 SMR 지수(PR),119397.5,112470,,,,14650,13800,,,,7.09,-5.8,,,,14615.41,13770.75,,,,0.24,0.21,,,,8150000,8150000,,,,50000,163,163,0,0,0
A0093A0,RISE AI반도체TOP10,20250826,,일반,FnGuide AI반도체TOP10 지수,196331.25,180291.75,,,,35375,32485,,,,5.98,-8.17,,,,35305.44,32438.47,,,,0.2,0.14,,,,5550000,5550000,,,,50000,111,111,0,0,0
A0094M0,RISE 코리아밸류업위클리고정커버드콜,20250902,,일반,코리아 밸류업 위클리 커버드콜 30% 지수,162771,154198,,,,20220,18920,,,,2.38,-6.43,,,,20086.74,18206.58,,,,0.66,3.92,,,,8050000,8150000,,,,50000,161,163,0,0,0
A0098F0,KODEX 원자력SMR,20250916,,일반,iSelect 원자력SMR 지수(Price Return),203932,190580.75,,,,14995,14065,,,,7.22,-6.2,,,,14956.97,14097.99,,,,0.25,-0.23,,,,13600000,13550000,,,,50000,272,271,0,0,0
A0098N0,PLUS 자사주매입고배당주,20250916,,일반,FnGuide 고배당주 플러스 자사주 지수 (PR),80986.5,81427.5,,,,12855,12925,,,,2.59,0.54,,,,12904.27,12833.92,,,,-0.38,0.71,,,,6300000,6300000,,,,50000,126,126,0,0,0
A0098Z0,FOCUS 200,20250923,,일반,코스피 200,77887.5,69986.25,,,,103850,93315,,,,3.32,-10.14,,,,102895.28,92789.66,,,,0.93,0.57,,,,750000,750000,,,,50000,15,15,0,0,0
A0100K0,KODEX 방산TOP10레버리지,20250916,,레버리지,iSelect 방산 TOP10 레버리지 지수,43428,40320,,,,7755,7200,,,,12.39,-7.16,,,,7740.02,7192.63,,,,0.19,0.1,,,,5600000,5600000,,,,100000,56,56,0,0,0
A0101N0,RISE AI전력인프라,20250923,,일반,KRX-Akros AI 전력인프라 지수,625746,583901.5,,,,19960,18655,,,,8.45,-6.54,,,,19963.56,18697.55,,,,-0.02,-0.23,,,,31350000,31300000,,,,50000,627,626,0,0,0
A0103T0,1Q K소버린AI,20250930,,일반,iSelect K소버린AI 지수,23835,23115,,,,7945,7705,,,,4.61,-3.02,,,,7951.24,7692.17,,,,-0.08,0.17,,,,3000000,3000000,,,,50000,60,60,0,0,0
A0104G0,PLUS K방산레버리지,20250930,,레버리지,FnGuide K-방위산업 레버리지 (2x) 지수,17061,15980,,,,7260,6800,,,,11.69,-6.34,,,,7223.91,6737.63,,,,0.5,0.93,,,,2350000,2350000,,,,50000,47,47,0,0,0
A0104N0,TIGER 200타겟위클리커버드콜,20250923,,일반,코스피 200 타겟 7% 위클리 커버드콜 지수(Price Return),244556,222456,,,,23515,21390,,,,2.28,-9.04,,,,23496.49,21038.13,,,,0.08,1.67,,,,10400000,10400000,,,,100000,104,104,0,0,0
A0104P0,TIGER 코리아배당다우존스위클리커버드콜,20250923,,일반,KRX 다우존스 코리아 배당 30 타겟 7% 위클리 커버드콜 지수,20385,20196,,,,11325,11220,,,,3.19,-0.93,,,,11275.57,11251.89,,,,0.44,-0.28,,,,1800000,1800000,,,,100000,18,18,0,0,0
A0105D0,SOL 한국AI소프트웨어,20250923,,일반,KEDI 한국AI소프트웨어 지수(PR),16182,15876,,,,8990,8820,,,,4.29,-1.89,,,,9027.62,8785.13,,,,-0.42,0.4,,,,1800000,1800000,,,,50000,36,36,0,0,0
A0105E0,SOL 코리아고배당,20250923,,일반,FnGuide 코리아 고배당 지수(PR),549914.25,540715.25,,,,13235,13045,,,,2.28,-1.44,,,,13204.43,13041.43,,,,0.23,0.03,,,,41550000,41450000,,,,50000,831,829,0,0,0
A0111J0,HANARO 증권고배당TOP3플러스,20251028,,일반,FnGuide 증권 고배당 TOP3 플러스 지수,69920,67873,,,,15200,14755,,,,5.59,-2.93,,,,15222.57,14782.07,,,,-0.15,-0.18,,,,4600000,4600000,,,,50000,92,92,0,0,0
A0112X0,마이티 200TR,20251028,,일반,코스피 200 TR지수,38670.75,34471.75,,,,45495,40555,,,,2.88,-10.86,,,,45185.6,40730.25,,,,0.68,-0.43,,,,850000,850000,,,,50000,17,17,0,0,0
A0115D0,KODEX 조선TOP10,20251028,,일반,KRX 조선 TOP10 지수,190181.25,186438,,,,7875,7720,,,,1.94,-1.97,,,,7851.08,7694.44,,,,0.3,0.33,,,,24150000,24150000,,,,50000,483,483,0,0,0
A0115E0,KODEX 코리아소버린AI,20251021,,일반,KRX 코리아 소버린 AI 지수,67816,64435,,,,13840,13150,,,,3.94,-4.99,,,,13808.37,13151.22,,,,0.23,-0.01,,,,4900000,4900000,,,,50000,98,98,0,0,0
A0117V0,TIGER 코리아AI전력기기TOP3플러스,20251021,,일반,KEDI 코리아AI전력기기TOP3플러스 지수,1018906,933052.5,,,,19670,18030,,,,6.55,-8.34,,,,19618.73,18074.24,,,,0.26,-0.24,,,,51800000,51750000,,,,50000,1036,1035,0,0,0
A0120J0,BNK 카카오그룹포커스,20251202,,일반,FnGuide 카카오그룹 포커스 지수,10374,10224.5,,,,7980,7865,,,,5.84,-1.44,,,,7944.7,7909.39,,,,0.44,-0.56,,,,1300000,1300000,,,,50000,26,26,0,0,0
A0138D0,RISE 동학개미,20251216,,일반,FnGuide 동학개미 지수,9401,8634.5,,,,13430,12335,,,,4.68,-8.15,,,,13502.41,12376.57,,,,-0.54,-0.34,,,,700000,700000,,,,50000,14,14,0,0,0
A0139P0,ACE 고배당주,20251216,,일반,KRX-Akros 고배당주 20 지수,55100,54580,,,,13775,13645,,,,3.53,-0.94,,,,13739.98,13649.71,,,,0.25,-0.03,,,,4000000,4000000,,,,50000,80,80,0,0,0
A0141S0,SOL 조선기자재,20251216,,일반,FnGuide 조선기자재 지수(PR),65887.5,64612.5,,,,8785,8615,,,,6.94,-1.94,,,,8749.61,8594.94,,,,0.4,0.23,,,,7500000,7500000,,,,50000,150,150,0,0,0
A0148J0,TIGER 코리아휴머노이드로봇산업,20260106,,일반,KEDI 코리아 휴머노이드로봇산업 지수 (PR),551666.5,511284,,,,8855,8220,,,,5.67,-7.17,,,,8812.35,8229.99,,,,0.48,-0.12,,,,62300000,62200000,,,,50000,1246,1244,0,0,0
A0150K0,KoAct 수소전력ESS인프라액티브,20260113,,일반,FnGuide 수소전력ESS인프라 지수(PR),25795,24901.25,,,,9380,9055,,,,7.2,-3.46,,,,9389.64,9093.31,,,,-0.1,-0.42,,,,2750000,2750000,,,,50000,55,55,0,0,0
A0151P0,RISE 코리아전략산업액티브,20260120,,일반,KAP 코리아전략산업지수,185274,169059,,,,17155,15510,,,,4.73,-9.59,,,,17130.85,15457.37,,,,0.14,0.34,,,,10800000,10900000,,,,50000,216,218,0,0,0
A0152E0,SOL 배당성향탑픽액티브,20260113,,일반,FnGuide 배당성향탑픽 지수(PR),29510,29263,,,,11350,11255,,,,2.58,-0.84,,,,11364.34,11310.86,,,,-0.13,-0.49,,,,2600000,2600000,,,,50000,52,52,0,0,0
A0153K0,KODEX 주주환원고배당주,20260120,,일반,Akros 주주환원 고배당 지수 (Price Return),159705,158795,,,,12285,12215,,,,1.95,-0.57,,,,12256.51,12288.27,,,,0.23,-0.6,,,,13000000,13000000,,,,100000,130,130,0,0,0
A0154F0,WON 초대형IB&금융지주,20260120,,일반,iSelect 초대형IB&금융지주 지수,40424,40331,,,,13040,13010,,,,4.15,-0.23,,,,13092.03,13051.72,,,,-0.4,-0.32,,,,3100000,3100000,,,,50000,62,62,0,0,0
A0155N0,HANARO K휴머노이드테마TOP10,20260226,,일반,iSelect K휴머노이드테마TOP10 지수,28817.25,27469.75,,,,7485,7135,,,,3.74,-4.68,,,,7470.55,7125.99,,,,0.19,0.13,,,,3850000,3850000,,,,50000,77,77,0,0,0
A0162Y0,TIME 코스닥액티브,20260310,,일반,코스닥지수,282975,271260,,,,8250,7920,,,,11.04,-4,,,,8218.74,7873.2,,,,0.38,0.59,,,,34300000,34250000,,,,50000,686,685,0,0,0
A0163Y0,KoAct 코스닥액티브,20260310,,일반,코스닥지수,486750,464504,,,,9735,9365,,,,8.65,-3.8,,,,9730.15,9329.59,,,,0.05,0.38,,,,50000000,49600000,,,,50000,1000,992,0,0,0
A0166N0,PLUS 코스닥150액티브,20260317,,일반,코스닥 150,36295,34531.25,,,,8540,8125,,,,10.98,-4.86,,,,8539.57,8100.5,,,,0.01,0.3,,,,4250000,4250000,,,,50000,85,85,0,0,0
A0166S0,PLUS K제조업핵심기업액티브,20260324,,일반,Akros K제조업 50 지수,64761.75,57940.5,,,,12105,10830,,,,2.37,-10.53,,,,12085.66,10854.53,,,,0.16,-0.23,,,,5350000,5350000,,,,50000,107,107,0,0,0
A0167A0,SOL AI반도체TOP2플러스,20260317,,일반,FnGuide AI반도체 TOP2 플러스 지수(PR),6922321.5,5970420,,,,21270,18450,,,,3.48,-13.26,,,,21247.63,18341.11,,,,0.11,0.59,,,,325450000,323600000,,,,50000,6509,6472,0,0,0
A0167B0,SOL 200타겟위클리커버드콜,20260317,,일반,코스피 200 타겟 15% 위클리 커버드콜 지수,756324,678615,,,,13410,12075,,,,2.6,-9.96,,,,13379.07,12082.78,,,,0.23,-0.06,,,,56400000,56200000,,,,100000,564,562,0,0,0
A0168K0,TIGER 기술이전바이오액티브,20260317,,일반,KRX 기술이전바이오 지수 (PR),145515,140177.6,,,,6540,6320,,,,2.59,-3.36,,,,6511.97,6325.28,,,,0.43,-0.08,,,,22250000,22180000,,,,10000,2225,2218,0,0,0
A0172Y0,ACE K수출핵심TOP10산업액티브,20260331,,일반,iSelect K수출핵심산업 지수 (시장가격),9552.25,8939.5,,,,10055,9410,,,,2.76,-6.41,,,,10034.69,9368.44,,,,0.2,0.44,,,,950000,950000,,,,50000,19,19,0,0,0
A0176P0,FOCUS AI반도체위클리고정커버드콜,20260407,,일반,AI 반도체 위클리 고정 30% 커버드콜 지수,7232.5,6547.5,,,,14465,13095,,,,4.21,-9.47,,,,14562.12,13029.96,,,,-0.67,0.5,,,,500000,500000,,,,50000,10,10,0,0,0
A0177A0,WON 두산그룹포커스,20260331,,일반,iSelect 두산그룹 포커스 지수,22540,21070,,,,9200,8600,,,,7.41,-6.52,,,,9253.99,8617.09,,,,-0.58,-0.2,,,,2450000,2450000,,,,50000,49,49,0,0,0
A0177R0,TIGER 반도체TOP10커버드콜액티브,20260421,,일반,FnGuide 반도체 TOP10 Capped 지수(Price Return),868997.5,760496,,,,13685,11920,,,,3.52,-12.9,,,,13652.02,11676.41,,,,0.24,2.09,,,,63500000,63800000,,,,100000,635,638,0,0,0
A0177X0,ACE K휴머노이드로봇산업TOP2+,20260407,,일반,Akros K-휴머노이드 로봇 TOP2+ 지수 (시장가격),99494.5,94069.5,,,,9170,8670,,,,5.04,-5.45,,,,9151.57,8668.34,,,,0.2,0.02,,,,10850000,10850000,,,,50000,217,217,0,0,0
A0182R0,1Q K반도체TOP2+,20260414,,일반,NICE K반도체 TOP2 MAX+ 지수,285153.75,250278,,,,12425,10605,,,,3.54,-14.65,,,,12393.08,10603.64,,,,0.26,0.01,,,,22950000,23600000,,,,50000,459,472,0,0,0
A0184V0,UNICORN K바이오액티브,20260512,,일반,FnGuide K-바이오 밸런스드 지수,7062,6842,,,,6420,6220,,,,0.31,-3.12,,,,6435.63,6189.22,,,,-0.24,0.5,,,,1100000,1100000,,,,50000,22,22,0,0,0
A0189Z0,DAISHIN343 금융&지주고배당,20260609,,일반,KRX-Akros 금융&지주고배당 지수,10190,10195,,,,10190,10195,,,,2.83,0.05,,,,10300.7,10184.88,,,,-1.07,0.1,,,,1000000,1000000,,,,50000,20,20,0,0,0
A0190C0,RISE 현대차고정피지컬AI,20260512,,일반,KEDI 현대차고정피지컬AI 지수,539850,514338.75,,,,9150,8725,,,,3.74,-4.64,,,,9136.57,8756.78,,,,0.15,-0.36,,,,59000000,58950000,,,,50000,1180,1179,0,0,0
A0190G0,KODEX 반도체타겟위클리커버드콜,20260512,,일반,KRX 반도체 타겟9% 분배 위클리 커버드콜 지수,194496,174336,,,,10130,9080,,,,3.53,-10.37,,,,10122.26,9132.61,,,,0.08,-0.58,,,,19200000,19200000,,,,100000,192,192,0,0,0
A0191B0,MIDAS 코스닥액티브,20260519,,일반,코스닥지수,6543,6405,,,,32715,32025,,,,11.79,-2.11,,,,32898.48,31817.37,,,,-0.56,0.65,,,,200000,200000,,,,25000,8,8,0,0,0
A0191S0,IBK 코스닥150,20260519,,일반,코스닥 150,10752.2,10308.2,,,,14530,13930,,,,4.31,-4.13,,,,14592.58,13886.35,,,,-0.43,0.31,,,,740000,740000,,,,20000,37,37,0,0,0
A0192L0,RISE SK하이닉스단일종목레버리지,20260527,,레버리지,KRX SK하이닉스 레버리지 지수,104851.5,72418.5,,,,18395,12705,,,,-1.18,-30.93,,,,18432.68,12571.77,,,,-0.2,1.06,,,,5700000,5700000,,,,25000,228,228,0,0,0
A0192M0,RISE 삼성전자단일종목레버리지,20260527,,레버리지,KRX 삼성전자 레버리지 지수,66248,52304.63,,,,15680,12235,,,,3.84,-21.97,,,,15751.91,12258.91,,,,-0.46,-0.2,,,,4225000,4275000,,,,25000,169,171,0,0,0
A0192T0,SOL 코스닥TOP10,20260519,,일반,코스닥TOP10지수(PR),28400,27757,,,,7100,6770,,,,3.27,-4.65,,,,7106.56,6744.93,,,,-0.09,0.37,,,,4000000,4100000,,,,50000,80,82,0,0,0
A0193G0,KoAct 코스피액티브,20260519,,일반,코스피지수,26446,23772,,,,9445,8490,,,,2.27,-10.11,,,,9429.29,8485.13,,,,0.17,0.06,,,,2800000,2800000,,,,50000,56,56,0,0,0
A0193K0,PLUS 삼성전자단일종목레버리지,20260527,,레버리지,KRX 삼성전자 레버리지 지수,20984.25,16756.25,,,,17130,13405,,,,5.38,-21.75,,,,16989.34,13270.9,,,,0.83,1.01,,,,1225000,1250000,,,,25000,49,50,0,0,0
A0193L0,PLUS 삼성전자선물단일종목인버스2X,20260527,,인버스 2X ,KRX 삼성전자 선물 인버스 -2X 지수,45630.2,49099.5,,,,14815,18185,,,,-4.67,22.75,,,,14934.53,18351.41,,,,-0.8,-0.91,,,,3080000,2700000,,,,20000,154,135,0,0,0
A0193T0,KODEX SK하이닉스단일종목레버리지,20260527,,레버리지,KRX SK하이닉스 레버리지 지수,5047776,3449093.75,,,,21760,14915,,,,-0.78,-31.46,,,,21655.78,14728.52,,,,0.48,1.27,,,,231975000,231250000,,,,25000,9279,9250,0,0,0
A0193W0,KODEX 삼성전자단일종목레버리지,20260527,,레버리지,KRX 삼성전자 레버리지 지수,3043425,2355065,,,,17000,13240,,,,4.71,-22.12,,,,16994.82,13209.39,,,,0.03,0.23,,,,179025000,177875000,,,,25000,7161,7115,0,0,0
A0194M0,ACE 삼성전자단일종목레버리지,20260527,,레버리지,KRX 삼성전자 레버리지 지수,88762.5,68713.5,,,,15780,12055,,,,5.02,-23.61,,,,15692.27,12213.51,,,,0.56,-1.3,,,,5625000,5700000,,,,25000,225,228,0,0,0
A0194N0,KIWOOM 삼성전자선물단일종목레버리지,20260527,,레버리지,KRX 삼성전자 선물 레버리지 지수,13864.5,10737,,,,15405,11930,,,,4.12,-22.56,,,,15476.56,11937.6,,,,-0.46,-0.06,,,,900000,900000,,,,25000,36,36,0,0,0
A0194R0,KIWOOM SK하이닉스선물단일종목레버리지,20260527,,레버리지,KRX SK하이닉스 선물 레버리지 지수,24426.88,16527.5,,,,17765,12020,,,,-0.86,-32.34,,,,17763.04,11968.19,,,,0.01,0.43,,,,1375000,1375000,,,,25000,55,55,0,0,0
A0194T0,ACE SK하이닉스단일종목레버리지,20260527,,레버리지,KRX SK하이닉스 레버리지 지수,109688.25,75876.75,,,,18435,12490,,,,-0.57,-32.25,,,,18293.07,12493.25,,,,0.78,-0.03,,,,5950000,6075000,,,,25000,238,243,0,0,0
A0195R0,TIGER 삼성전자단일종목레버리지,20260527,,레버리지,KRX 삼성전자 레버리지 지수,1665518.38,1281723.13,,,,15635,12175,,,,4.76,-22.13,,,,15632.45,12148.49,,,,0.02,0.22,,,,106525000,105275000,,,,25000,4261,4211,0,0,0
A0195S0,TIGER SK하이닉스단일종목레버리지,20260527,,레버리지,KRX SK하이닉스 레버리지 지수,2781337.5,1916532,,,,18450,12510,,,,-1.05,-32.2,,,,18342.33,12430.34,,,,0.59,0.64,,,,150750000,153200000,,,,25000,6030,6128,0,0,0
A0197W0,SOL SK하이닉스단일종목레버리지,20260527,,레버리지,KRX SK하이닉스 레버리지 지수,78715,55780.88,,,,18200,12465,,,,-0.57,-31.51,,,,18115.93,12305.33,,,,0.46,1.3,,,,4325000,4475000,,,,25000,173,179,0,0,0
A0197X0,SOL SK하이닉스선물단일종목인버스2X,20260527,,인버스 2X ,KRX SK하이닉스 선물 인버스 -2X 지수,159793.5,180811.5,,,,9210,12135,,,,1.49,31.76,,,,9271.45,12368.53,,,,-0.66,-1.89,,,,17350000,14900000,,,,25000,694,596,0,0,0
A0198A0,KIWOOM 코스닥150커버드콜액티브,20260630,,일반,코스닥150 위클리고정30% 커버드콜지수,24713,25508,,,,9505,9110,,,,4.74,-4.16,,,,9478.24,9080.63,,,,0.28,0.32,,,,2600000,2800000,,,,50000,52,56,0,0,0
A0198B0,1Q 삼성전자선물단일종목레버리지,20260527,,레버리지,KRX 삼성전자 선물 레버리지 지수,31925.15,25393.5,,,,16330,12540,,,,5.05,-23.21,,,,16260.02,12538.04,,,,0.43,0.02,,,,1955000,2025000,,,,5000,391,405,0,0,0
A0198D0,1Q SK하이닉스선물단일종목레버리지,20260527,,레버리지,KRX SK하이닉스 선물 레버리지 지수,37733,26744.4,,,,19450,13110,,,,-0.49,-32.6,,,,19344.53,12923.16,,,,0.55,1.45,,,,1940000,2040000,,,,5000,388,408,0,0,0
A0199C0,ACE 고배당주Plus커버드콜액티브,20260602,,일반,KRX-Akros 고배당주 20 위클리 고정 30% 커버드콜 지수,124625,121875,,,,9970,9750,,,,3,-2.21,,,,9952.37,9772.4,,,,0.18,-0.23,,,,12500000,12500000,,,,50000,250,250,0,0,0
A0204S0,TIGER 코스닥액티브,20260602,,일반,코스닥지수,34268.4,33479.8,,,,7515,7310,,,,10.27,-2.73,,,,7484.19,7278.7,,,,0.41,0.43,,,,4560000,4580000,,,,10000,456,458,0,0,0
A0207G0,SOL 우주항공밸류체인,20260616,,일반,Akros 우주항공밸류체인 지수(PR),14949,13728,,,,6795,6240,,,,11.94,-8.17,,,,6767.74,6252.1,,,,0.4,-0.19,,,,2200000,2200000,,,,50000,44,44,0,0,0
A0208N0,IBK 코스피액티브,20260623,,일반,코스피지수,13175,11772.25,,,,8500,7595,,,,3.41,-10.65,,,,8441.92,7596.27,,,,0.69,-0.02,,,,1550000,1550000,,,,50000,31,31,0,0,0
A0209D0,KODEX 전고체배터리ESS TOP2플러스,20260623,,일반,Akros 한국 전고체 배터리 ESS TOP2 플러스 지수(Price Return),87464,85527,,,,7540,7310,,,,6.65,-3.05,,,,7521.16,7330.14,,,,0.25,-0.27,,,,11600000,11700000,,,,50000,232,234,0,0,0
A0209Z0,ACE 코리아AI전력TOP10,20260623,,일반,Akros 코리아 AI전력 TOP 10 지수 (시장가격),18032,17454.75,,,,7360,6845,,,,6.36,-7,,,,7392.9,6846.05,,,,-0.45,-0.02,,,,2450000,2550000,,,,50000,49,51,0,0,0
A0210A0,ACE K반도체TOP2+,20260623,,일반,KRX K-AI 반도체TOP2+지수 (시장가격),350941.5,297509.75,,,,8570,7355,,,,3.94,-14.18,,,,8559.37,7360.42,,,,0.12,-0.07,,,,40950000,40450000,,,,50000,819,809,0,0,0
A0210E0,PLUS 200커버드콜액티브,20260623,,일반,코스피 200 위클리 고정 30% 커버드콜 지수,51420,46320,,,,8570,7720,,,,1.96,-9.92,,,,8540.98,7691.08,,,,0.34,0.38,,,,6000000,6000000,,,,100000,60,60,0,0,0
A0216Z0,ACE K방산TOP5+,20260707,,일반,KRX K-AI 방산TOP5+ 지수,18460,17520,,,,9230,8760,,,,6.09,-5.09,,,,9239.35,8802.43,,,,-0.1,-0.48,,,,2000000,2000000,,,,50000,40,40,0,0,0
A069500,KODEX 200,20021014,,일반,코스피 200,26207466.5,23793493,,,,120605,108820,,,,2.47,-9.77,,,,120450.15,108583.09,,,,0.13,0.22,,,,217300000,218650000,,,,50000,4346,4373,0,0,0
A069660,KIWOOM 200,20021014,,일반,코스피 200,868644,788256.25,,,,120645,108725,,,,2.51,-9.88,,,,120303.27,108413.33,,,,0.28,0.29,,,,7200000,7250000,,,,50000,144,145,0,0,0
A091160,KODEX 반도체,20060627,,일반,KRX 반도체,6491953,5787096,,,,146380,130340,,,,4.11,-10.96,,,,145754.13,130069.81,,,,0.43,0.21,,,,44350000,44400000,,,,50000,887,888,0,0,0
A091170,KODEX 은행,20060627,,일반,KRX 은행,453172,408658.25,,,,16360,16445,,,,5.89,0.52,,,,16341.01,16515.93,,,,0.12,-0.43,,,,27700000,24850000,,,,50000,554,497,0,0,0
A091180,KODEX 자동차,20060627,,일반,KRX 자동차,447703.5,440044.5,,,,30770,29935,,,,3.9,-2.71,,,,30589.74,29898.77,,,,0.59,0.12,,,,14550000,14700000,,,,50000,291,294,0,0,0
A091220,TIGER 은행,20060627,,일반,KRX 은행,23912,24276,,,,17080,17340,,,,5.82,1.52,,,,17056.6,17231.51,,,,0.14,0.63,,,,1400000,1400000,,,,20000,70,70,0,0,0
A091230,TIGER 반도체,20060627,,일반,KRX 반도체,1565139,1414035.5,,,,153445,137285,,,,4.36,-10.53,,,,152761.07,136594.96,,,,0.45,0.51,,,,10200000,10300000,,,,20000,510,515,0,0,0
A100910,KIWOOM KRX100,20080123,,일반,KRX 100,68652,61542,,,,19070,17095,,,,2.17,-10.36,,,,18999.17,17087.71,,,,0.37,0.04,,,,3600000,3600000,,,,300000,12,12,0,0,0
A102110,TIGER 200,20080403,,일반,코스피 200,10846435,9797890.25,,,,120650,108805,,,,2.35,-9.82,,,,120533.16,108651.8,,,,0.1,0.14,,,,89900000,90050000,,,,50000,1798,1801,0,0,0
A102780,KODEX 삼성그룹,20080521,,일반,MKF 삼성그룹지수,3621306,3311685,,,,27310,24975,,,,4.68,-8.55,,,,27426.06,25056.98,,,,-0.42,-0.33,,,,132600000,132600000,,,,100000,1326,1326,0,0,0
A102960,KODEX 기계장비,20080529,,일반,KRX 기계장비,15506.4,14711.2,,,,13845,13135,,,,5.37,-5.13,,,,13795.31,13213.53,,,,0.36,-0.59,,,,1120000,1120000,,,,20000,56,56,0,0,0
A102970,KODEX 증권,20080529,,일반,KRX 증권,838679.25,801295,,,,22335,21425,,,,6.41,-4.07,,,,22305.62,21590.09,,,,0.13,-0.76,,,,37550000,37400000,,,,50000,751,748,0,0,0
A104520,KIWOOM 블루칩,20080729,,일반,MKF 블루칩,14720,14305,,,,14720,14305,,,,2.01,-2.82,,,,14842.97,14422.88,,,,-0.83,-0.82,,,,1000000,1000000,,,,100000,10,10,0,0,0
A104530,KIWOOM 코리아고배당,20080729,,일반,MKF 웰스 고배당 20,37915.25,37496,,,,17635,17440,,,,1.23,-1.11,,,,17694.51,17431.75,,,,-0.34,0.05,,,,2150000,2150000,,,,50000,43,43,0,0,0
A105190,ACE 200,20080925,,일반,코스피 200,2018646,1787600,,,,121240,109000,,,,2.76,-10.1,,,,120740.11,108791.86,,,,0.41,0.19,,,,16650000,16400000,,,,50000,333,328,0,0,0
A105780,RISE 5대그룹주,20081022,,일반,MKF 5대그룹주,36840,33440,,,,18420,16720,,,,4.48,-9.23,,,,18341.1,16818.59,,,,0.43,-0.59,,,,2000000,2000000,,,,200000,10,10,0,0,0
A108450,ACE 삼성그룹섹터가중,20090203,,일반,MKF SAMs SW,89881,83666,,,,40855,38030,,,,2.92,-6.91,,,,40983.43,38101.77,,,,-0.31,-0.19,,,,2200000,2200000,,,,100000,22,22,0,0,0
A108590,TREX 200,20090123,,일반,코스피 200,24152,21700,,,,120760,108500,,,,3,-10.15,,,,119997.14,108085.52,,,,0.64,0.38,,,,200000,200000,,,,50000,4,4,0,0,0
A114800,KODEX 인버스,20090916,,인버스 1X ,코스피 200 선물인버스 지수,878789.7,964082.7,,,,1017,1117,,,,-2.49,9.83,,,,1017.26,1118.82,,,,-0.03,-0.16,,,,864100000,863100000,,,,100000,8641,8631,0,0,0
A117460,KODEX 에너지화학,20091012,,일반,KRX 에너지화학,25362.4,25274.2,,,,12940,12895,,,,4.44,-0.35,,,,12925.84,12969.58,,,,0.11,-0.58,,,,1960000,1960000,,,,70000,28,28,0,0,0
A117680,KODEX 철강,20091030,,일반,KRX 철강,21540.4,21119,,,,10990,10775,,,,4.37,-1.96,,,,10959.19,10760.27,,,,0.28,0.14,,,,1960000,1960000,,,,70000,28,28,0,0,0
A117700,KODEX 건설,20091030,,일반,KRX 건설,202860,190408.5,,,,6300,5895,,,,6.6,-6.43,,,,6290.22,5936.38,,,,0.16,-0.7,,,,32200000,32300000,,,,100000,322,323,0,0,0
A122090,PLUS 코스피50,20100107,,일반,코스피 50,218051.85,196070.1,,,,92005,82730,,,,2.11,-10.08,,,,92117.57,82291.07,,,,-0.12,0.53,,,,2370000,2370000,,,,30000,79,79,0,0,0
A122630,KODEX 레버리지,20100222,,레버리지,코스피 200 레버리지지수,7293638,6003575,,,,150695,121900,,,,4.34,-19.11,,,,151362.96,121383.65,,,,-0.44,0.43,,,,48400000,49250000,,,,50000,968,985,0,0,0
A123310,TIGER 인버스,20100329,,인버스 1X ,코스피 200 선물인버스 지수,62691.2,68380.8,,,,1144,1257,,,,-2.22,9.88,,,,1143.35,1257.48,,,,0.06,-0.04,,,,54800000,54400000,,,,100000,548,544,0,0,0
A123320,TIGER 레버리지,20100409,,레버리지,코스피 200 레버리지지수,330011,264000,,,,150005,120000,,,,4.17,-20,,,,151147.81,121264.01,,,,-0.76,-1.04,,,,2200000,2200000,,,,100000,22,22,0,0,0
A131890,ACE 삼성그룹동일가중,20100917,,일반,MKF SAMs EW Index,16396,15792,,,,40990,39480,,,,1.61,-3.68,,,,40836.31,39328.36,,,,0.38,0.39,,,,400000,400000,,,,100000,4,4,0,0,0
A138520,TIGER 삼성그룹,20110307,,일반,MKF SAMs FW,157406,144352,,,,37300,34700,,,,4.32,-6.97,,,,37358.96,34918.08,,,,-0.16,-0.62,,,,4220000,4160000,,,,20000,211,208,0,0,0
A138530,TIGER LG그룹플러스,20110310,,일반,MKF LG그룹+ FW,87333.4,84014.4,,,,11770,11415,,,,3.65,-3.02,,,,11790.94,11484.06,,,,-0.18,-0.6,,,,7420000,7360000,,,,20000,371,368,0,0,0
A138540,TIGER 현대차그룹플러스,20110310,,일반,MKF 현대차그룹+ FW,726639.4,706515,,,,53905,52725,,,,3.9,-2.19,,,,53908.46,52736.82,,,,-0.01,-0.02,,,,13480000,13400000,,,,20000,674,670,0,0,0
A139220,TIGER 200 건설,20110406,,일반,코스피 200 건설,130944,121164,,,,7440,6900,,,,5.68,-7.26,,,,7409.05,6939.11,,,,0.42,-0.56,,,,17600000,17560000,,,,20000,880,878,0,0,0
A139230,TIGER 200 중공업,20110406,,일반,코스피 200 중공업,278492.7,264725.1,,,,13665,13015,,,,6.09,-4.76,,,,13705.64,13045.23,,,,-0.3,-0.23,,,,20380000,20340000,,,,20000,1019,1017,0,0,0
A139240,TIGER 200 철강소재,20110406,,일반,코스피 200 철강/소재,5820,5682,,,,9700,9470,,,,4.98,-2.37,,,,9689.43,9493.95,,,,0.11,-0.25,,,,600000,600000,,,,20000,30,30,0,0,0
A139250,TIGER 200 에너지화학,20110406,,일반,코스피 200 에너지/화학,23358,22914.9,,,,17175,16605,,,,4.82,-3.32,,,,17174.6,16715.87,,,,0,-0.66,,,,1360000,1380000,,,,20000,68,69,0,0,0
A139260,TIGER 200 IT,20110406,,일반,코스피 200 정보기술,3120460.8,2639952,,,,158560,135800,,,,3.61,-14.35,,,,157934.27,136473.02,,,,0.4,-0.49,,,,19680000,19440000,,,,20000,984,972,0,0,0
A139270,TIGER 200 금융,20110406,,일반,코스피 200 금융,34496,34309.8,,,,17600,17505,,,,5.74,-0.54,,,,17575.38,17532.26,,,,0.14,-0.16,,,,1960000,1960000,,,,20000,98,98,0,0,0
A139280,TIGER 경기방어,20110406,,일반,코스피 200 경기방어소비재,40697.9,40247,,,,12185,12050,,,,1.8,-1.11,,,,12137.84,12022.29,,,,0.39,0.23,,,,3340000,3340000,,,,20000,167,167,0,0,0
A139290,TIGER 200 경기소비재,20110406,,일반,코스피 200 경기소비재,6794.4,6601.2,,,,28310,27505,,,,3.6,-2.84,,,,28233.84,27720.71,,,,0.27,-0.78,,,,240000,240000,,,,20000,12,12,0,0,0
A140570,RISE 수출주,20110415,,일반,MKF 수출주 지수,10318,9788,,,,25795,24470,,,,5.85,-5.14,,,,25656.7,24629.45,,,,0.54,-0.65,,,,400000,400000,,,,100000,4,4,0,0,0
A140580,RISE 우량업종대표주,20110415,,일반,MKF 우량업종대표주 지수,12692.5,12147.5,,,,25385,24295,,,,3.87,-4.29,,,,25376.41,24443.21,,,,0.03,-0.61,,,,500000,500000,,,,100000,5,5,0,0,0
A140700,KODEX 보험,20110426,,일반,KRX 보험,50375,49764,,,,19375,19140,,,,5.53,-1.21,,,,19390.31,19118.47,,,,-0.08,0.11,,,,2600000,2600000,,,,100000,26,26,0,0,0
A140710,KODEX 운송,20110426,,일반,KRX 운송,11178,10370,,,,6210,6100,,,,2.9,-1.77,,,,6181.8,6080.38,,,,0.46,0.32,,,,1800000,1700000,,,,100000,18,17,0,0,0
A140950,파워 코스피100,20110503,,일반,코스피 100,53488.4,48073.2,,,,95515,85845,,,,2.77,-10.12,,,,95163.4,85530.97,,,,0.37,0.37,,,,560000,560000,,,,40000,14,14,0,0,0
A143860,TIGER 헬스케어,20110718,,일반,KRX 헬스케어,146700,142540,,,,36675,35635,,,,0.38,-2.84,,,,36563.1,35507.07,,,,0.31,0.36,,,,4000000,4000000,,,,20000,200,200,0,0,0
A145670,ACE 인버스,20110908,,인버스 1X ,코스피 200 선물인버스 지수,3584,3934,,,,1280,1405,,,,-2.22,9.77,,,,1277.49,1404.98,,,,0.2,0,,,,2800000,2800000,,,,100000,28,28,0,0,0
A145850,TREX 펀더멘탈 200,20110923,,일반,FnGuide-RAFI 코리아200 지수,30907.5,29450,,,,123630,117800,,,,3.03,-4.72,,,,122172.71,116408.16,,,,1.19,1.2,,,,250000,250000,,,,50000,5,5,0,0,0
A147970,TIGER 모멘텀,20111026,,일반,FnGuide 모멘텀 지수,41481.6,39000,,,,86420,81250,,,,4.5,-5.98,,,,85993.44,81246.31,,,,0.5,0,,,,480000,480000,,,,20000,24,24,0,0,0
A148020,RISE 200,20111020,,일반,코스피 200,4746690,4313764.5,,,,121710,109765,,,,2.77,-9.81,,,,121254.71,109280.54,,,,0.38,0.44,,,,39000000,39300000,,,,50000,780,786,0,0,0
A150460,TIGER 중국소비테마,20111216,,일반,FnGuide 중국내수테마 지수,56565.6,57109.5,,,,7280,7350,,,,1.04,0.96,,,,7312,7330.42,,,,-0.44,0.27,,,,7770000,7770000,,,,30000,259,259,0,0,0
A152100,PLUS 200,20120110,,일반,코스피 200,1603309,1430521.75,,,,122390,110465,,,,2.51,-9.74,,,,122258.91,110153.31,,,,0.11,0.28,,,,13100000,12950000,,,,50000,262,259,0,0,0
A152500,ACE 레버리지,20120127,,레버리지,코스피 200 레버리지지수,61640,49415,,,,61640,49415,,,,4.29,-19.83,,,,61706.72,49539.14,,,,-0.11,-0.25,,,,1000000,1000000,,,,100000,10,10,0,0,0
A152870,파워 200,20120213,,일반,코스피 200,164578.5,148068,,,,121910,109680,,,,2.74,-10.03,,,,121454.29,109483.48,,,,0.38,0.18,,,,1350000,1350000,,,,50000,27,27,0,0,0
A153270,KIWOOM 코스피100,20120228,,일반,코스피 100,39274.2,35238,,,,93510,83900,,,,2.56,-10.28,,,,93421.4,84005.22,,,,0.09,-0.13,,,,420000,420000,,,,20000,21,21,0,0,0
A156080,KODEX MSCI Korea,20120430,,일반,MSCI Korea Index,34584,31044,,,,57640,51740,,,,2.53,-10.24,,,,57434.9,51567.1,,,,0.36,0.34,,,,600000,600000,,,,100000,6,6,0,0,0
A157490,TIGER 소프트웨어,20120516,,일반,FnGuide 소프트웨어 지수,77607.9,74812,,,,8135,7925,,,,3.5,-2.58,,,,8115.33,7915.04,,,,0.24,0.13,,,,9540000,9440000,,,,20000,477,472,0,0,0
A157500,TIGER 증권,20120516,,일반,FnGuide 증권 지수,317492,305822.4,,,,15640,15080,,,,7.12,-3.58,,,,15638.19,15169.47,,,,0.01,-0.59,,,,20300000,20280000,,,,20000,1015,1014,0,0,0
A159800,마이티 코스피100,20120705,,일반,코스피 100,26790.4,24046.4,,,,95680,85880,,,,1.91,-10.24,,,,96033.78,86258.5,,,,-0.37,-0.44,,,,280000,280000,,,,40000,7,7,0,0,0
A161510,PLUS 고배당주,20120829,,일반,FnGuide 배당주 지수,2376582.6,2349195,,,,25165,24875,,,,3.01,-1.15,,,,25175.35,25061.98,,,,-0.04,-0.75,,,,94440000,94440000,,,,30000,3148,3148,0,0,0
A166400,TIGER 200커버드콜OTM,20121025,,일반,코스피 200 커버드콜 5% OTM 지수(PR 지수),12032.5,11257.5,,,,24065,22515,,,,2.49,-6.44,,,,23976.12,22665.85,,,,0.37,-0.67,,,,500000,500000,,,,100000,5,5,0,0,0
A174350,TIGER 로우볼,20130620,,일반,FnGuide 로우볼 지수,9420.8,9356.4,,,,20480,20340,,,,2.37,-0.68,,,,20515.47,20489.42,,,,-0.17,-0.73,,,,460000,460000,,,,20000,23,23,0,0,0
A192720,파워 고배당저변동성,20140220,,일반,코스피 200 고배당지수,33088.5,32871.9,,,,58050,57670,,,,1.55,-0.65,,,,58019.59,57884.95,,,,0.05,-0.37,,,,570000,570000,,,,30000,19,19,0,0,0
A210780,TIGER 코스피고배당,20141205,,일반,코스피 고배당 50,76362,75570,,,,23140,22900,,,,2.21,-1.04,,,,23152.4,22956.59,,,,-0.05,-0.25,,,,3300000,3300000,,,,30000,110,110,0,0,0
A211560,TIGER 배당성장,20141217,,일반,코스피 배당성장 50,76893,75700.2,,,,36100,35540,,,,3.68,-1.55,,,,36154.05,35911.02,,,,-0.15,-1.03,,,,2130000,2130000,,,,30000,71,71,0,0,0
A211900,KODEX 코리아배당성장,20141217,,일반,코스피 배당성장 50,92192,90720,,,,28810,28350,,,,2.4,-1.6,,,,28862.65,28668.17,,,,-0.18,-1.11,,,,3200000,3200000,,,,50000,64,64,0,0,0
A213610,KODEX 삼성그룹밸류,20150108,,일반,WISE 삼성그룹밸류 인덱스,260069.5,246509.5,,,,23015,21815,,,,2.47,-5.21,,,,23158.83,21793.3,,,,-0.62,0.1,,,,11300000,11300000,,,,100000,113,113,0,0,0
A215620,HK S&P코리아로우볼,20150325,,일반,S&P Korea 저변동성 지수,8386.2,8407.8,,,,15530,15570,,,,0,0.26,,,,15624.08,15492.09,,,,-0.6,0.5,,,,540000,540000,,,,30000,18,18,0,0,0
A223190,KODEX 200가치저변동,20150626,,일반,코스피 200 가치저변동성 지수,28760,27500,,,,28760,27500,,,,2.51,-4.38,,,,28710.05,27549.25,,,,0.17,-0.18,,,,1000000,1000000,,,,100000,10,10,0,0,0
A226380,ACE Fn성장소비주도주,20150819,,일반,FnGuide 성장소비주도 지수,4042.5,3955,,,,5775,5650,,,,3.31,-2.16,,,,5742.05,5690.69,,,,0.57,-0.72,,,,700000,700000,,,,100000,7,7,0,0,0
A226490,KODEX 코스피,20150824,,일반,코스피지수,1114687.5,1026965,,,,76875,70100,,,,1.56,-8.81,,,,76946.71,70054.28,,,,-0.09,0.07,,,,14500000,14650000,,,,50000,290,293,0,0,0
A226980,KODEX 200 중소형,20150901,,일반,코스피 200 중소형주지수,20592,19921.5,,,,22880,22135,,,,5.05,-3.26,,,,22780.86,22355.58,,,,0.44,-0.99,,,,900000,900000,,,,100000,9,9,0,0,0
A227540,TIGER 200 헬스케어,20150923,,일반,코스피 200 헬스케어,29821.9,29622.7,,,,17965,17845,,,,2.31,-0.67,,,,17967.83,17789.5,,,,-0.02,0.31,,,,1660000,1660000,,,,20000,83,83,0,0,0
A227550,TIGER 200 산업재,20150923,,일반,코스피 200 산업재,3967.8,3855.6,,,,11670,11340,,,,4.34,-2.83,,,,11650.92,11294.39,,,,0.16,0.4,,,,340000,340000,,,,20000,17,17,0,0,0
A227560,TIGER 200 생활소비재,20150923,,일반,코스피 200 생활소비재,2736.8,3214.9,,,,12440,12365,,,,2.6,-0.6,,,,12432.1,12374.12,,,,0.06,-0.07,,,,220000,260000,,,,20000,11,13,0,0,0
A227570,TIGER 우량가치,20150923,,일반,FnGuide 퀄리티 밸류 지수,7189.2,7108.2,,,,19970,19745,,,,1.22,-1.13,,,,20085.35,19882.91,,,,-0.57,-0.69,,,,360000,360000,,,,30000,12,12,0,0,0
A227830,PLUS 코스피,20150923,,일반,코스피지수,19677.5,17736.25,,,,78710,70945,,,,4.54,-9.87,,,,77378.42,70439.57,,,,1.72,0.72,,,,250000,250000,,,,50000,5,5,0,0,0
A228790,TIGER 화장품,20151007,,일반,WISE 화장품 지수,254056.5,259345.8,,,,3690,3780,,,,1.65,2.44,,,,3671.72,3762.07,,,,0.5,0.48,,,,68850000,68610000,,,,30000,2295,2287,0,0,0
A228800,TIGER 여행레저,20151007,,일반,WISE 여행레저 지수,72367.2,70893.6,,,,2760,2710,,,,2.41,-1.81,,,,2747.14,2708.2,,,,0.47,0.07,,,,26220000,26160000,,,,30000,874,872,0,0,0
A228810,TIGER 미디어컨텐츠,20151007,,일반,WISE 미디어컨텐츠 지수,82298.1,80255.25,,,,3455,3365,,,,1.47,-2.6,,,,3457.23,3354.55,,,,-0.06,0.31,,,,23820000,23850000,,,,30000,794,795,0,0,0
A228820,TIGER KTOP30,20151014,,일반,KTOP 30,24718.75,22625,,,,19775,18100,,,,3.75,-8.47,,,,19750.12,18147.9,,,,0.13,-0.26,,,,1250000,1250000,,,,50000,25,25,0,0,0
A229200,KODEX 코스닥150,20151001,,일반,코스닥 150,4459385,4315950,,,,14420,13800,,,,4.72,-4.3,,,,14464.85,13757.42,,,,-0.31,0.31,,,,309250000,312750000,,,,50000,6185,6255,0,0,0
A229720,KODEX KTOP30,20151014,,일반,KTOP 30,23613,21684,,,,39355,36140,,,,3.12,-8.17,,,,39211.36,35964.82,,,,0.37,0.49,,,,600000,600000,,,,100000,6,6,0,0,0
A232080,TIGER 코스닥150,20151112,,일반,코스닥 150,1317133.4,1265616,,,,14710,14100,,,,4.66,-4.15,,,,14741.68,14020.99,,,,-0.21,0.56,,,,89540000,89760000,,,,20000,4477,4488,0,0,0
A233160,TIGER 코스닥150 레버리지,20151217,,레버리지,코스닥 150 레버리지지수,160809,154114.5,,,,8860,8090,,,,10.06,-8.69,,,,8853.34,7969.54,,,,0.08,1.51,,,,18150000,19050000,,,,50000,363,381,0,0,0
A233740,KODEX 코스닥150레버리지,20151217,,레버리지,코스닥 150 레버리지지수,3089733,3007198,,,,7990,7340,,,,8.78,-8.14,,,,8078.74,7270.37,,,,-1.1,0.96,,,,386700000,409700000,,,,100000,3867,4097,0,0,0
A234310,RISE V&S셀렉트밸류,20160202,,일반,FnGuide 셀렉트밸류 지수,14630,14005,,,,29260,28010,,,,3.65,-4.27,,,,29359.56,28088.17,,,,-0.34,-0.28,,,,500000,500000,,,,100000,5,5,0,0,0
A237350,KODEX 코스피100,20160127,,일반,코스피 100,1078587,964146,,,,97170,86860,,,,2.72,-10.61,,,,96788.28,86941.13,,,,0.39,-0.09,,,,11100000,11100000,,,,50000,222,222,0,0,0
A243880,TIGER 200IT레버리지,20160513,,레버리지,코스피 200 정보기술 레버리지지수,749063,540470,,,,535045,386050,,,,7.77,-27.85,,,,536341.13,386049.22,,,,-0.24,0,,,,1400000,1400000,,,,25000,56,56,0,0,0
A243890,TIGER 200에너지화학레버리지,20160513,,레버리지,코스피 200 에너지/화학 레버리지지수,5240.63,5037.5,,,,8385,8060,,,,7.5,-3.88,,,,8502.75,7866.18,,,,-1.38,2.46,,,,625000,625000,,,,25000,25,25,0,0,0
A244580,KODEX 바이오,20160513,,일반,FnGuide 바이오 지수,214374.4,206411.2,,,,8480,8165,,,,0.12,-3.71,,,,8488.37,8147.16,,,,-0.1,0.22,,,,25280000,25280000,,,,80000,316,316,0,0,0
A244620,KODEX 모멘텀Plus,20160513,,일반,FnGuide 모멘텀PLUS 지수,15946,15127,,,,22780,21610,,,,8.17,-5.14,,,,22696.08,21511.11,,,,0.37,0.46,,,,700000,700000,,,,100000,7,7,0,0,0
A244660,KODEX 퀄리티Plus,20160513,,일반,FnGuide 퀄리티PLUS 지수,4642.5,4560,,,,9285,9120,,,,3.4,-1.78,,,,9261.14,9180.39,,,,0.26,-0.66,,,,500000,500000,,,,100000,5,5,0,0,0
A244670,KODEX 밸류Plus,20160513,,일반,FnGuide 밸류PLUS 지수,7059,6849,,,,11765,11415,,,,4.48,-2.97,,,,11681.68,11491.2,,,,0.71,-0.66,,,,600000,600000,,,,100000,6,6,0,0,0
A250780,TIGER 코스닥150선물인버스,20160810,,인버스 1X ,F-코스닥150 인버스지수,9779,10202.5,,,,2540,2650,,,,-5.05,4.33,,,,2532.76,2668.41,,,,0.29,-0.69,,,,3850000,3850000,,,,50000,77,77,0,0,0
A251340,KODEX 코스닥150선물인버스,20160810,,인버스 1X ,F-코스닥150 인버스지수,180695,183645,,,,2545,2650,,,,-4.5,4.13,,,,2543.63,2683.69,,,,0.05,-1.26,,,,71000000,69300000,,,,100000,710,693,0,0,0
A251590,PLUS 고배당저변동50,20160811,,일반,FnGuide 고배당저변동50 지수,11788,11599,,,,16840,16570,,,,2.06,-1.6,,,,16832.88,16693.4,,,,0.04,-0.74,,,,700000,700000,,,,50000,14,14,0,0,0
A252000,TIGER 200동일가중,20160920,,일반,코스피 200 동일가중지수,11538,11238,,,,19230,18730,,,,4.26,-2.6,,,,19175.2,18813.3,,,,0.29,-0.44,,,,600000,600000,,,,50000,12,12,0,0,0
A252400,RISE 200선물레버리지,20160912,,레버리지,코스피 200 선물레버리지지수,83802,67590,,,,139670,112650,,,,4.92,-19.35,,,,140366.72,112418.49,,,,-0.5,0.21,,,,600000,600000,,,,100000,6,6,0,0,0
A252410,RISE 200선물인버스,20160912,,인버스 1X ,코스피 200 선물인버스 지수,2614,2860,,,,1307,1430,,,,-2.46,9.41,,,,1300.84,1432.11,,,,0.47,-0.15,,,,2000000,2000000,,,,100000,20,20,0,0,0
A252420,RISE 200선물인버스2X,20160922,,인버스 2X ,코스피 200 선물인버스 -2X 지수,4491,5289.4,,,,90,106,,,,-3.23,17.78,,,,88.42,106.18,,,,1.79,-0.17,,,,49900000,49900000,,,,100000,499,499,0,0,0
A252650,KODEX 200동일가중,20160920,,일반,코스피 200 동일가중지수,11055,10758,,,,18425,17930,,,,3.69,-2.69,,,,18370.19,18023.74,,,,0.3,-0.52,,,,600000,600000,,,,100000,6,6,0,0,0
A252670,KODEX 200선물인버스2X,20160922,,인버스 2X ,코스피 200 선물인버스 -2X 지수,975515.2,1078348.2,,,,86,103,,,,-4.44,19.77,,,,86.08,103.3,,,,-0.09,-0.29,,,,11343200000,10469400000,,,,100000,113432,104694,0,0,0
A252710,TIGER 200선물인버스2X,20160922,,인버스 2X ,코스피 200 선물인버스 -2X 지수,32595.6,37430.6,,,,92,109,,,,-4.17,18.48,,,,92.12,110.4,,,,-0.13,-1.27,,,,354300000,343400000,,,,100000,3543,3434,0,0,0
A253150,PLUS 200선물레버리지,20160929,,레버리지,코스피 200 선물레버리지지수,69986.25,56077.5,,,,279945,224310,,,,5.61,-19.87,,,,280113.63,224489.54,,,,-0.06,-0.08,,,,250000,250000,,,,50000,5,5,0,0,0
A253160,PLUS 200선물인버스2X,20160922,,인버스 2X ,코스피 200 선물인버스 -2X 지수,1820,2152.8,,,,175,207,,,,-4.89,18.29,,,,174.28,208.85,,,,0.41,-0.89,,,,10400000,10400000,,,,50000,208,208,0,0,0
A253230,KIWOOM 200선물인버스2X,20160922,,인버스 2X ,코스피 200 선물인버스 -2X 지수,2973.6,3504.6,,,,84,99,,,,-4.55,17.86,,,,84.4,101.42,,,,-0.47,-2.39,,,,35400000,35400000,,,,10000,3540,3540,0,0,0
A253240,KIWOOM 200선물인버스,20160912,,인버스 1X ,코스피 200 선물인버스 지수,1583.56,1711.66,,,,1298,1403,,,,-2.84,8.09,,,,1302.66,1433.82,,,,-0.36,-2.15,,,,1220000,1220000,,,,10000,122,122,0,0,0
A253250,KIWOOM 200선물레버리지,20160912,,레버리지,코스피 200 선물레버리지지수,55944.5,44585.45,,,,136450,108745,,,,4.58,-20.3,,,,137216.07,110024.15,,,,-0.56,-1.16,,,,410000,410000,,,,10000,41,41,0,0,0
A253280,RISE 헬스케어,20160923,,일반,FnGuide 헬스케어 지수,7674,7365,,,,12790,12275,,,,0.43,-4.03,,,,12771.82,12302.78,,,,0.14,-0.23,,,,600000,600000,,,,50000,12,12,0,0,0
A261060,TIGER 코스닥150IT,20161215,,일반,코스닥 150 정보기술,33303.6,31515,,,,25230,23875,,,,11.96,-5.37,,,,25091.2,23756.67,,,,0.55,0.5,,,,1320000,1320000,,,,20000,66,66,0,0,0
A261070,TIGER 코스닥150바이오테크,20161215,,일반,코스닥 150 생명기술,56317.5,53426.4,,,,12515,11820,,,,-2.83,-5.55,,,,12523.1,11859.35,,,,-0.06,-0.33,,,,4500000,4520000,,,,20000,225,226,0,0,0
A261140,TIGER 우선주,20170106,,일반,코스피 우선주 지수,35336,33092.4,,,,25240,23980,,,,3.8,-4.99,,,,25280.69,23874.69,,,,-0.16,0.44,,,,1400000,1380000,,,,20000,70,69,0,0,0
A266160,RISE 고배당,20170414,,일반,FnGuide 고배당포커스 지수,232029,213709.25,,,,36540,33655,,,,1.66,-7.9,,,,36387.68,33636.59,,,,0.42,0.05,,,,6350000,6350000,,,,50000,127,127,0,0,0
A266360,KODEX K콘텐츠,20170328,,일반,KRX K콘텐츠,33462,32587.5,,,,10140,9875,,,,2.58,-2.61,,,,10141.1,9945.64,,,,-0.01,-0.71,,,,3300000,3300000,,,,100000,33,33,0,0,0
A266370,KODEX IT,20170328,,일반,KRX 정보기술,128520,119610,,,,75600,66450,,,,2.63,-12.1,,,,75862.92,66558.36,,,,-0.35,-0.16,,,,1700000,1800000,,,,100000,17,18,0,0,0
A266390,KODEX 경기소비재,20170328,,일반,KRX 경기소비재,14422.5,14229,,,,16025,15810,,,,3.29,-1.34,,,,16012.23,15892.22,,,,0.08,-0.52,,,,900000,900000,,,,100000,9,9,0,0,0
A266410,KODEX 필수소비재,20170328,,일반,KRX 필수소비재,12740,12901,,,,9100,9215,,,,1.56,1.26,,,,9134.64,9181.01,,,,-0.38,0.37,,,,1400000,1400000,,,,200000,7,7,0,0,0
A266420,KODEX 헬스케어,20170328,,일반,KRX 헬스케어,67732,65743.5,,,,16520,16035,,,,-1.37,-2.94,,,,16595.24,16118.53,,,,-0.45,-0.52,,,,4100000,4100000,,,,100000,41,41,0,0,0
A266550,PLUS 중형주저변동50,20170328,,일반,FnGuide 중형주저변동50지수,4573.75,4555,,,,18295,18220,,,,1.53,-0.41,,,,18405.28,18256.48,,,,-0.6,-0.2,,,,250000,250000,,,,50000,5,5,0,0,0
A267770,TIGER 200선물레버리지,20170425,,레버리지,코스피 200 선물레버리지지수,267639.5,204072,,,,116365,92760,,,,5.07,-20.29,,,,116104.48,93102.41,,,,0.22,-0.37,,,,2300000,2200000,,,,100000,23,22,0,0,0
A270800,RISE KQ고배당,20170707,,일반,FnGuide KQ고배당포커스지수,8679,8442.5,,,,15780,15350,,,,6.44,-2.73,,,,15788.01,15343.16,,,,-0.05,0.04,,,,550000,550000,,,,50000,11,11,0,0,0
A270810,RISE 코스닥150,20170616,,일반,코스닥 150,327241,313500,,,,14290,13750,,,,4.15,-3.78,,,,14385.88,13681.82,,,,-0.67,0.5,,,,22900000,22800000,,,,20000,1145,1140,0,0,0
A275280,KODEX 모멘텀주,20170711,,일반,MSCI Korea IMI Momentum Capped,38096,33848,,,,47620,42310,,,,3.07,-11.15,,,,47447.21,42504.93,,,,0.36,-0.46,,,,800000,800000,,,,100000,8,8,0,0,0
A275290,KODEX 가치주,20170711,,일반,MSCI Korea IMI Enhanced Value Capped,34110,30681,,,,37900,34090,,,,2.63,-10.05,,,,37795.46,34294.26,,,,0.28,-0.6,,,,900000,900000,,,,100000,9,9,0,0,0
A275300,KODEX 우량주,20170711,,일반,MSCI Korea IMI Quality Capped,56593,50991.5,,,,33290,29995,,,,3.51,-9.9,,,,33157.96,29874.59,,,,0.4,0.4,,,,1700000,1700000,,,,100000,17,17,0,0,0
A275750,RISE 코스닥150선물인버스,20170801,,인버스 1X ,F-코스닥150 인버스지수,2326.5,2412,,,,2585,2680,,,,-3.72,3.67,,,,2567.32,2705.2,,,,0.69,-0.93,,,,900000,900000,,,,50000,18,18,0,0,0
A277630,TIGER 코스피,20170831,,일반,코스피지수,477569,443781.25,,,,78290,71005,,,,2.9,-9.31,,,,77993.05,71024.95,,,,0.38,-0.03,,,,6100000,6250000,,,,50000,122,125,0,0,0
A277640,TIGER 코스피대형주,20170831,,일반,코스피 대형주 지수,78432,69060.5,,,,41280,37330,,,,2.42,-9.57,,,,41301.17,37390.9,,,,-0.05,-0.16,,,,1900000,1850000,,,,50000,38,37,0,0,0
A277650,TIGER 코스피중형주,20170831,,일반,코스피 중형주 지수,4174,4053,,,,20870,20265,,,,3.75,-2.9,,,,20860,20386.18,,,,0.05,-0.59,,,,200000,200000,,,,50000,4,4,0,0,0
A278240,RISE 코스닥150선물레버리지,20170831,,레버리지,F-코스닥150 레버리지지수,60634.7,56945.85,,,,8930,8265,,,,8.11,-7.45,,,,9099.81,8186.56,,,,-1.87,0.96,,,,6790000,6890000,,,,10000,679,689,0,0,0
A278530,KODEX 200TR,20171121,,일반,코스피 200 TR지수,8231256,7403178,,,,43760,39295,,,,2.92,-10.2,,,,43529.89,39241.71,,,,0.53,0.14,,,,188100000,188400000,,,,150000,1254,1256,0,0,0
A278540,KODEX MSCI Korea TR,20171109,,일반,MSCI Korea TR Index,2670937.5,2414062.5,,,,42735,38625,,,,1.8,-9.62,,,,42852.39,38455.92,,,,-0.27,0.44,,,,62500000,62500000,,,,100000,625,625,0,0,0
A279530,KODEX 고배당주,20171017,,일반,FnGuide 고배당 Plus 지수,321165,320067,,,,17550,17490,,,,0.66,-0.34,,,,17576.31,17548.56,,,,-0.15,-0.33,,,,18300000,18300000,,,,100000,183,183,0,0,0
A279540,KODEX 최소변동성,20171017,,일반,KRX 최소변동성 지수,13413,12399,,,,22355,20665,,,,5.75,-7.56,,,,22097.98,20767.28,,,,1.16,-0.49,,,,600000,600000,,,,100000,6,6,0,0,0
A280920,PLUS 주도업종,20171017,,일반,FnGuide 주도업종 지수,13700.5,12537.25,,,,24910,22795,,,,6.41,-8.49,,,,24699.11,22917.55,,,,0.85,-0.53,,,,550000,550000,,,,50000,11,11,0,0,0
A281990,RISE 중소형고배당,20171102,,일반,FnGuide 중소형고배당포커스지수(시장가격지수),9636,9487.5,,,,17520,17250,,,,1.48,-1.54,,,,17467.65,17354.27,,,,0.3,-0.6,,,,550000,550000,,,,50000,11,11,0,0,0
A284980,RISE 200금융,20171208,,일반,코스피 200 금융,21096,21060,,,,23440,23400,,,,5.35,-0.17,,,,23405.74,23355.83,,,,0.15,0.19,,,,900000,900000,,,,20000,45,45,0,0,0
A285690,FOCUS ESG리더스,20171213,,일반,KRX ESG Leaders 150,7637,7316.75,,,,21820,20905,,,,2.3,-4.19,,,,21982.47,20957.64,,,,-0.74,-0.25,,,,350000,350000,,,,50000,7,7,0,0,0
A289040,KODEX MSCI KOREA ESG유니버설,20180207,,일반,MSCI Korea ESG Universal Capped Index,22227,19752,,,,37045,32920,,,,4.16,-11.14,,,,36459.59,33146.19,,,,1.61,-0.68,,,,600000,600000,,,,100000,6,6,0,0,0
A289250,TIGER MSCI KOREA ESG유니버설,20180207,,일반,MSCI Korea ESG Universal Index,26540.85,23932.65,,,,38465,34685,,,,4.55,-9.83,,,,38198.5,34663.48,,,,0.7,0.06,,,,690000,690000,,,,30000,23,23,0,0,0
A289260,TIGER MSCI KOREA ESG리더스,20180207,,일반,MSCI Korea Country ESG Leaders Capped Index,18909,17064,,,,31515,28440,,,,4.49,-9.76,,,,31427.67,28533.98,,,,0.28,-0.33,,,,600000,600000,,,,30000,20,20,0,0,0
A289480,TIGER 200커버드콜,20180209,,일반,코스피 200 커버드콜 ATM 지수,28876.5,27634.5,,,,12555,12015,,,,1.87,-4.3,,,,12533.49,11951.41,,,,0.17,0.53,,,,2300000,2300000,,,,100000,23,23,0,0,0
A290080,RISE 200고배당커버드콜ATM,20180227,,일반,코스피 200 고배당커버드콜 ATM 지수(시장가격지수),11838.75,12127.5,,,,6765,6930,,,,1.65,2.44,,,,6745.76,7018.44,,,,0.29,-1.26,,,,1750000,1750000,,,,50000,35,35,0,0,0
A290130,RISE ESG사회책임투자,20180227,,일반,KRX ESG 사회책임경영(S)지수,724132.5,649330.5,,,,53050,47570,,,,1.78,-10.33,,,,53156.48,47350.32,,,,-0.2,0.46,,,,13650000,13650000,,,,50000,273,273,0,0,0
A291620,KIWOOM 코스닥150선물인버스,20180316,,인버스 1X ,F-코스닥150 인버스지수,2599.2,2707.5,,,,4560,4750,,,,-4.2,4.17,,,,4527.38,4775.42,,,,0.72,-0.53,,,,570000,570000,,,,10000,57,57,0,0,0
A291630,KIWOOM 코스닥150선물레버리지,20180316,,레버리지,F-코스닥150 레버리지지수,4558.4,4507.25,,,,4070,3725,,,,10.6,-8.48,,,,4085.13,3667.56,,,,-0.37,1.57,,,,1120000,1210000,,,,10000,112,121,0,0,0
A292050,RISE KRX300,20180326,,일반,KRX 300,19106.5,17153.5,,,,54590,49010,,,,3.39,-10.22,,,,54385.2,49113.39,,,,0.38,-0.21,,,,350000,350000,,,,50000,7,7,0,0,0
A292150,TIGER 코리아TOP10,20180330,,일반,FnGuide TOP10 지수,2227096.5,2041776,,,,42870,38670,,,,2.41,-9.8,,,,42611.81,38571.69,,,,0.61,0.25,,,,51950000,52800000,,,,50000,1039,1056,0,0,0
A292160,TIGER KRX300,20180326,,일반,KRX 300,26655,24195,,,,53310,48390,,,,1.98,-9.23,,,,53122.81,48010.65,,,,0.35,0.79,,,,500000,500000,,,,100000,5,5,0,0,0
A292190,KODEX KRX300,20180326,,일반,KRX 300,84640,76552,,,,52900,47845,,,,2.5,-9.56,,,,52978.39,47856.3,,,,-0.15,-0.02,,,,1600000,1600000,,,,100000,16,16,0,0,0
A292500,SOL KRX300,20180326,,일반,KRX 300,27155,24557.5,,,,54310,49115,,,,3.9,-9.57,,,,54128.17,48902.62,,,,0.34,0.43,,,,500000,500000,,,,100000,5,5,0,0,0
A293180,HANARO 200,20180330,,일반,코스피 200,538005,495881.75,,,,120900,108985,,,,2.49,-9.86,,,,120698.19,108828.54,,,,0.17,0.14,,,,4450000,4550000,,,,50000,89,91,0,0,0
A294400,KIWOOM 200TR,20180423,,일반,코스피 200 TR지수,2024064,1821568,,,,158130,142310,,,,2.42,-10,,,,157754.28,142199.39,,,,0.24,0.08,,,,12800000,12800000,,,,50000,256,256,0,0,0
A295040,SOL 200TR,20180423,,일반,코스피 200 TR지수,950460,854805,,,,45260,40705,,,,2.84,-10.06,,,,45088.49,40645.4,,,,0.38,0.15,,,,21000000,21000000,,,,150000,140,140,0,0,0
A300610,TIGER K게임,20180724,,일반,WISE K게임 테마 지수,13265.75,12960.25,,,,5645,5515,,,,3.77,-2.3,,,,5664.99,5503.45,,,,-0.35,0.21,,,,2350000,2350000,,,,50000,47,47,0,0,0
A300640,RISE 게임테마,20180724,,일반,WISE 게임 테마 지수 (시장가격지수),23218.5,22597.5,,,,6730,6550,,,,0.52,-2.67,,,,6744.55,6574.56,,,,-0.22,-0.37,,,,3450000,3450000,,,,50000,69,69,0,0,0
A300950,KODEX 게임산업,20180724,,일반,FnGuide 게임 산업 지수,26437.5,25987.5,,,,5875,5775,,,,-0.09,-1.7,,,,5874.37,5749.4,,,,0.01,0.45,,,,4500000,4500000,,,,100000,45,45,0,0,0
A301400,PLUS 코스닥150,20180705,,일반,코스닥 150,10181.5,9758,,,,14545,13940,,,,4.79,-4.16,,,,14615.78,13899.24,,,,-0.48,0.29,,,,700000,700000,,,,50000,14,14,0,0,0
A302450,RISE 코스피,20180724,,일반,코스피지수,229421.5,211500,,,,77770,70500,,,,4.01,-9.35,,,,77510.9,70538.33,,,,0.33,-0.05,,,,2950000,3000000,,,,50000,59,60,0,0,0
A304760,HANARO KRX300,20180814,,일반,KRX 300,20912,18706,,,,52280,46765,,,,2.18,-10.55,,,,52092.79,47087.17,,,,0.36,-0.68,,,,400000,400000,,,,50000,8,8,0,0,0
A304770,HANARO 코스닥150,20180814,,일반,코스닥 150,21002.1,20199.1,,,,14385,13835,,,,4.66,-3.82,,,,14487.38,13780.77,,,,-0.71,0.39,,,,1460000,1460000,,,,20000,73,73,0,0,0
A304780,HANARO 200선물레버리지,20180814,,레버리지,코스피 200 선물레버리지지수,76407.75,61146,,,,169795,135880,,,,4.82,-19.97,,,,170378.48,136513.42,,,,-0.34,-0.46,,,,450000,450000,,,,50000,9,9,0,0,0
A305050,ACE 코스피,20181005,,일반,코스피지수,46680,42621,,,,77800,71035,,,,1.86,-8.7,,,,77592.79,70646.83,,,,0.27,0.55,,,,600000,600000,,,,50000,12,12,0,0,0
A305540,TIGER 2차전지테마,20180912,,일반,WISE 2차전지 테마 지수,847416,844209.75,,,,17085,16935,,,,5.43,-0.88,,,,17035.89,16979.8,,,,0.29,-0.26,,,,49600000,49850000,,,,50000,992,997,0,0,0
A305720,KODEX 2차전지산업,20180912,,일반,FnGuide 2차전지 산업 지수,1539856.5,1506063.5,,,,13615,13435,,,,5.95,-1.32,,,,13570.95,13480.59,,,,0.32,-0.34,,,,113100000,112100000,,,,100000,1131,1121,0,0,0
A306520,HANARO 200선물인버스,20180918,,인버스 1X ,코스피 200 선물인버스 지수,1401,1554,,,,2335,2590,,,,-2.51,10.92,,,,2337.87,2589.21,,,,-0.12,0.03,,,,600000,600000,,,,50000,12,12,0,0,0
A306530,HANARO 코스닥150선물레버리지,20180918,,레버리지,F-코스닥150 레버리지지수,3226,2948,,,,8065,7370,,,,9.43,-8.62,,,,8144.76,7311.44,,,,-0.98,0.8,,,,400000,400000,,,,20000,20,20,0,0,0
A306950,KODEX KRX300레버리지,20181016,,레버리지,KRX300레버리지,84148,68800,,,,105185,86000,,,,4.6,-18.24,,,,106514.78,85021.36,,,,-1.25,1.15,,,,800000,800000,,,,100000,8,8,0,0,0
A307510,TIGER 의료기기,20181108,,일반,FnGuide 의료기기 지수,5454,5318,,,,13635,13295,,,,5.01,-2.49,,,,13572.82,13230.13,,,,0.46,0.49,,,,400000,400000,,,,50000,8,8,0,0,0
A307520,TIGER 지주회사,20181108,,일반,FnGuide 지주회사 지수,304290,290360,,,,21735,20740,,,,5.59,-4.58,,,,21801.3,20777.63,,,,-0.3,-0.18,,,,14000000,14000000,,,,50000,280,280,0,0,0
A310960,TIGER 200TR,20181120,,일반,코스피 200 TR지수,366132,328666,,,,70410,63205,,,,2.91,-10.23,,,,70217.39,63272.98,,,,0.27,-0.11,,,,5200000,5200000,,,,100000,52,52,0,0,0
A310970,TIGER MSCI Korea TR,20181120,,일반,MSCI Korea TR Index,4904108,4407432,,,,54010,48540,,,,2.88,-10.13,,,,53822.49,48302.94,,,,0.35,0.49,,,,90800000,90800000,,,,100000,908,908,0,0,0
A314700,HANARO 농업융복합산업,20181221,,일반,FnGuide 농업융복합산업지수(시장가격),5838.25,5808,,,,10615,10560,,,,1.34,-0.52,,,,10681.81,10576.49,,,,-0.63,-0.16,,,,550000,550000,,,,50000,11,11,0,0,0
A315270,TIGER 200커뮤니케이션서비스,20190115,,일반,코스피 200 커뮤니케이션서비스,4770,4614,,,,19875,19225,,,,2.05,-3.27,,,,19809.98,19373.93,,,,0.33,-0.77,,,,240000,240000,,,,20000,12,12,0,0,0
A315930,KODEX Top5PlusTR,20190122,,일반,FnGuide TOP 5 Plus Total Return 지수,1557937.5,1446200,,,,89025,82640,,,,2.5,-7.17,,,,89216.56,82742.59,,,,-0.21,-0.12,,,,17500000,17500000,,,,100000,175,175,0,0,0
A315960,RISE 대형고배당10TR,20190122,,일반,WISE 대형고배당10 TR 지수,601087.5,551664.75,,,,87750,80535,,,,2.61,-8.22,,,,87576.94,80537.77,,,,0.2,0,,,,6850000,6850000,,,,50000,137,137,0,0,0
A316670,KIWOOM 코스닥150,20190122,,일반,코스닥 150,41615,40179.2,,,,7175,6880,,,,4.36,-4.11,,,,7214.18,6862.19,,,,-0.54,0.26,,,,5800000,5840000,,,,20000,290,292,0,0,0
A322400,HANARO e커머스,20190423,,일반,FnGuide E커머스 지수(시장가격),35931.75,35052,,,,10415,10160,,,,3.94,-2.45,,,,10374.81,10235.27,,,,0.39,-0.74,,,,3450000,3450000,,,,50000,69,69,0,0,0
A322410,HANARO K고배당,20190423,,일반,FnGuide 고배당 알파 지수 (시장가격),42022.75,40329,,,,22715,22405,,,,2.23,-1.36,,,,22697.76,22561.2,,,,0.08,-0.69,,,,1850000,1800000,,,,50000,37,36,0,0,0
A325010,KODEX 성장주,20190531,,일반,FnGuide 성장 지수(PR),151856,136000,,,,47455,42500,,,,3.56,-10.44,,,,47402.49,42628.81,,,,0.11,-0.3,,,,3200000,3200000,,,,100000,32,32,0,0,0
A325020,KODEX 배당가치,20190531,,일반,FnGuide SLV 배당가치 지수,126945,123312,,,,30225,29360,,,,3.51,-2.86,,,,30246.22,29329.81,,,,-0.07,0.1,,,,4200000,4200000,,,,100000,42,42,0,0,0
A326230,RISE 내수주플러스,20190620,,일반,FnGuide 내수주플러스 지수,7171.2,7049.6,,,,11205,11015,,,,2.56,-1.7,,,,11248.06,11100.88,,,,-0.38,-0.77,,,,640000,640000,,,,20000,32,32,0,0,0
A326240,RISE IT플러스,20190620,,일반,FnGuide IT플러스 지수,124581.6,112028.4,,,,47190,42435,,,,4.76,-10.08,,,,47255.67,42554.38,,,,-0.14,-0.28,,,,2640000,2640000,,,,20000,132,132,0,0,0
A328370,PLUS 코스피TR,20190625,,일반,코스피 TR,132552,121369.5,,,,42080,38530,,,,2.94,-8.44,,,,42095.38,38279.6,,,,-0.04,0.65,,,,3150000,3150000,,,,50000,63,63,0,0,0
A332500,ACE 200TR,20190828,,일반,코스피 200 TR지수,178145,160468,,,,80975,72940,,,,2.5,-9.92,,,,80877.69,72876.07,,,,0.12,0.09,,,,2200000,2200000,,,,100000,22,22,0,0,0
A332930,HANARO 200TR,20190828,,일반,코스피 200 TR지수,229716.25,206596,,,,158425,142480,,,,2.97,-10.06,,,,157806.7,142284.23,,,,0.39,0.14,,,,1450000,1450000,,,,50000,29,29,0,0,0
A332940,HANARO MSCI Korea TR,20190828,,일반,MSCI Korea TR Index,129192,114756,,,,53830,47815,,,,3.69,-11.17,,,,53635.09,48134.62,,,,0.36,-0.66,,,,2400000,2400000,,,,100000,24,24,0,0,0
A337120,KODEX 멀티팩터,20191114,,일반,FnGuide 멀티팩터 지수,23133,20757,,,,38555,34595,,,,5.34,-10.27,,,,38156.24,34650.71,,,,1.05,-0.16,,,,600000,600000,,,,100000,6,6,0,0,0
A337140,KODEX 코스피대형주,20191114,,일반,코스피 대형주 지수,88253,79552,,,,40115,36160,,,,2.66,-9.86,,,,39976.13,36185.96,,,,0.35,-0.07,,,,2200000,2200000,,,,100000,22,22,0,0,0
A337150,KODEX 200exTOP,20191114,,일반,코스피 200 초대형제외 지수,18476.5,17605,,,,26395,25150,,,,5.5,-4.72,,,,26247.68,25039.51,,,,0.56,0.44,,,,700000,700000,,,,100000,7,7,0,0,0
A337160,KODEX 200ESG,20191114,,일반,코스피 200 ESG 지수,206895,185055,,,,53050,47450,,,,2.38,-10.56,,,,52857.57,47754.64,,,,0.36,-0.64,,,,3900000,3900000,,,,100000,39,39,0,0,0
A354500,ACE 코스닥150,20200507,,일반,코스닥 150,139584,135460.5,,,,14540,13965,,,,4.42,-3.95,,,,14614.88,13900.12,,,,-0.51,0.47,,,,9600000,9700000,,,,100000,96,97,0,0,0
A359210,KODEX 코스피TR,20200721,,일반,코스피 TR,81690,74235,,,,38900,35350,,,,3.05,-9.13,,,,38765.8,35289.26,,,,0.35,0.17,,,,2100000,2100000,,,,100000,21,21,0,0,0
A360140,KODEX 200롱코스닥150숏선물,20200821,,일반,코스피 200 롱 100% 코스닥 150 숏 100% 선물지수,54714,51678,,,,24870,23490,,,,-2.13,-5.55,,,,24695.92,23549.88,,,,0.7,-0.25,,,,2200000,2200000,,,,100000,22,22,0,0,0
A360150,KODEX 코스닥150롱코스피200숏선물,20200821,,일반,코스닥 150 롱 100% 코스피 200 숏 100% 선물지수,13982.5,14805,,,,2975,3150,,,,1.88,5.88,,,,2989.13,3134.8,,,,-0.47,0.48,,,,4700000,4700000,,,,100000,47,47,0,0,0
A361580,RISE 200TR,20200821,,일반,코스피 200 TR지수,538745.5,484148.75,,,,68630,61675,,,,2.72,-10.13,,,,68371.17,61586.2,,,,0.38,0.14,,,,7850000,7850000,,,,50000,157,157,0,0,0
A363580,KODEX 200IT TR,20200925,,일반,코스피 200 정보기술 TR,284625,246195,,,,63250,54710,,,,3.86,-13.5,,,,63141.06,54805.83,,,,0.17,-0.17,,,,4500000,4500000,,,,100000,45,45,0,0,0
A364690,KODEX 혁신기술테마액티브,20200929,,일반,코스피지수,25935,23280,,,,43225,38800,,,,3.48,-10.24,,,,43060.52,38790.18,,,,0.38,0.03,,,,600000,600000,,,,100000,6,6,0,0,0
A364960,TIGER BBIG,20201007,,일반,KRX BBIG 지수,77428.5,75950,,,,6295,6200,,,,3.96,-1.51,,,,6287.64,6184.17,,,,0.12,0.26,,,,12300000,12250000,,,,50000,246,245,0,0,0
A364970,TIGER 바이오TOP10,20201007,,일반,KRX 바이오 TOP 10 지수,269742,265024,,,,6710,6560,,,,1.28,-2.24,,,,6715,6574.45,,,,-0.07,-0.22,,,,40200000,40400000,,,,50000,804,808,0,0,0
A364980,TIGER 2차전지TOP10,20201007,,일반,KRX 2차전지 TOP 10 지수,586737.5,589582,,,,9125,9155,,,,6.35,0.33,,,,9165.03,9175.83,,,,-0.44,-0.23,,,,64300000,64400000,,,,50000,1286,1288,0,0,0
A364990,TIGER 게임TOP10,20201007,,일반,KRX 게임 TOP 10 지수,23547,22971,,,,5010,4940,,,,0.4,-1.4,,,,4989.6,4917.7,,,,0.41,0.45,,,,4700000,4650000,,,,50000,94,93,0,0,0
A365000,TIGER 인터넷TOP10,20201007,,일반,KRX 인터넷 TOP 10,37838.25,35627.25,,,,3765,3545,,,,7.26,-5.84,,,,3758.13,3538.79,,,,0.18,0.18,,,,10050000,10050000,,,,50000,201,201,0,0,0
A365040,TIGER AI코리아그로스액티브,20200929,,일반,코스피지수,78650,70970,,,,39325,35485,,,,3.31,-9.76,,,,39171.47,35714.85,,,,0.39,-0.64,,,,2000000,2000000,,,,100000,20,20,0,0,0
A367740,HANARO Fn5G산업,20201029,,일반,FnGuide 5G 산업 지수,24018.5,22401.5,,,,43670,40730,,,,1.89,-6.73,,,,43679.05,40835.53,,,,-0.02,-0.26,,,,550000,550000,,,,50000,11,11,0,0,0
A367760,RISE 네트워크인프라,20201029,,일반,FnGuide 네트워크 인프라 지수,817748.75,707859,,,,66755,58260,,,,4.47,-12.73,,,,66521.89,58121.98,,,,0.35,0.24,,,,12250000,12150000,,,,50000,245,243,0,0,0
A367770,RISE 수소경제테마,20201029,,일반,FnGuide 수소경제테마 지수,118938.75,115089.5,,,,22655,21715,,,,5.08,-4.15,,,,22596,21679.49,,,,0.26,0.16,,,,5250000,5300000,,,,50000,105,106,0,0,0
A368190,HANARO Fn K-뉴딜디지털플러스,20201110,,일반,FnGuide K-뉴딜 디지털 플러스 지수,23600,23200,,,,7375,7250,,,,4.98,-1.7,,,,7375.52,7302.32,,,,-0.01,-0.72,,,,3200000,3200000,,,,50000,64,64,0,0,0
A368680,KODEX K-뉴딜디지털플러스,20201110,,일반,FnGuide K-뉴딜 디지털 플러스 지수,6655.5,6592.5,,,,7395,7325,,,,3.86,-0.95,,,,7435.21,7361.07,,,,-0.54,-0.49,,,,900000,900000,,,,100000,9,9,0,0,0
A373490,KODEX 코리아혁신성장액티브,20201224,,일반,FnGuide K-이노베이션 지수,13295,12362.5,,,,26590,24725,,,,9.88,-7.01,,,,26494.99,24819.13,,,,0.36,-0.38,,,,500000,500000,,,,50000,10,10,0,0,0
A375760,HANARO 탄소효율그린뉴딜,20210205,,일반,KRX/S&P 탄소효율 그린뉴딜지수,23926.5,21613.5,,,,26585,24015,,,,4.38,-9.67,,,,26487.41,24195.28,,,,0.37,-0.75,,,,900000,900000,,,,100000,9,9,0,0,0
A375770,KODEX 탄소효율그린뉴딜,20210205,,일반,KRX/S&P 탄소효율 그린뉴딜지수,48420,43947,,,,26900,24415,,,,4.75,-9.24,,,,26831.81,24529,,,,0.25,-0.46,,,,1800000,1800000,,,,100000,18,18,0,0,0
A376410,TIGER 탄소효율그린뉴딜,20210205,,일반,KRX/S&P 탄소효율 그린뉴딜지수,23904,21780,,,,26560,24200,,,,3.13,-8.89,,,,26530.96,24275.64,,,,0.11,-0.31,,,,900000,900000,,,,100000,9,9,0,0,0
A377990,TIGER Fn신재생에너지,20210305,,일반,FnGuide 신재생에너지 지수,118898.5,112210,,,,24265,22900,,,,6.43,-5.63,,,,24280.9,22995.29,,,,-0.07,-0.41,,,,4900000,4900000,,,,50000,98,98,0,0,0
A380340,ACE 코리아AI테크핵심산업,20210402,,일반,FnGuide 코리아AI테크핵심산업지수 (Price Return),35190,31908,,,,29325,26590,,,,5.15,-9.33,,,,29205.49,26460.52,,,,0.41,0.49,,,,1200000,1200000,,,,100000,12,12,0,0,0
A381560,HANARO Fn전기&수소차,20210402,,일반,FnGuide 전기&수소차 지수 (시장가격),24913,24241,,,,17795,17315,,,,4.74,-2.7,,,,17725.17,17250.82,,,,0.39,0.37,,,,1400000,1400000,,,,50000,28,28,0,0,0
A381570,HANARO Fn친환경에너지,20210402,,일반,FnGuide 친환경에너지 지수 (시장가격),8151.5,8087.75,,,,9590,9515,,,,5.62,-0.78,,,,9569.36,9463.87,,,,0.22,0.54,,,,850000,850000,,,,50000,17,17,0,0,0
A385510,KODEX 신재생에너지액티브,20210525,,일반,FnGuide K-신재생에너지플러스 지수,295397,288466.5,,,,35590,34755,,,,5.39,-2.35,,,,35517.47,34683.49,,,,0.2,0.21,,,,8300000,8300000,,,,50000,166,166,0,0,0
A385520,KODEX 자율주행액티브,20210525,,일반,FnGuide K-미래차 지수,35007,33243,,,,16670,15830,,,,5.37,-5.04,,,,16647.38,15928.97,,,,0.14,-0.62,,,,2100000,2100000,,,,50000,42,42,0,0,0
A385590,ACE ESG액티브,20210525,,일반,MSCI Korea Country ESG Leaders Custom Capped Price return Index,60559,53751,,,,26330,23370,,,,7.25,-11.24,,,,25751.31,23464.16,,,,2.25,-0.4,,,,2300000,2300000,,,,100000,23,23,0,0,0
A385600,ACE 2차전지&친환경차액티브,20210525,,일반,FnGuide 친환경자동차밸류체인 지수,17715,17392.5,,,,11810,11595,,,,4.84,-1.82,,,,11864.59,11540.45,,,,-0.46,0.47,,,,1500000,1500000,,,,100000,15,15,0,0,0
A385710,TIME K이노베이션액티브,20210525,,일반,KRX BBIG 지수,11235,10670,,,,11235,10670,,,,5.84,-5.03,,,,11187.18,10745.46,,,,0.43,-0.7,,,,1000000,1000000,,,,100000,10,10,0,0,0
A385720,TIME 코스피액티브,20210525,,일반,코스피지수,404771,350472,,,,28505,25770,,,,3.5,-9.59,,,,28352.01,25862.84,,,,0.54,-0.36,,,,14200000,13600000,,,,100000,142,136,0,0,0
A387280,TIGER 퓨처모빌리티액티브,20210525,,일반,FnGuide 퓨처모빌리티 지수,16492,15344,,,,11780,10960,,,,6.85,-6.96,,,,11647.69,11036.66,,,,1.14,-0.69,,,,1400000,1400000,,,,10000,140,140,0,0,0
A388280,RISE K엔터&여행레저,20210610,,일반,FnGuide K엔터&여행레저 지수,27880,27421,,,,8200,8065,,,,2.56,-1.65,,,,8188.82,8026.22,,,,0.14,0.48,,,,3400000,3400000,,,,20000,170,170,0,0,0
A388420,RISE 비메모리반도체액티브,20210610,,일반,iSelect 비메모리반도체 지수(시장가격지수),297394.5,269082,,,,32825,29700,,,,6.92,-9.52,,,,32719.27,29722.16,,,,0.32,-0.07,,,,9060000,9060000,,,,20000,453,453,0,0,0
A391670,HK 베스트일레븐액티브,20210706,,일반,코스피 200,20952.75,18424.25,,,,32235,28345,,,,4.13,-12.07,,,,31842.84,28372.8,,,,1.23,-0.1,,,,650000,650000,,,,50000,13,13,0,0,0
A395150,KODEX 웹툰&드라마,20210730,,일반,FnGuide 웹툰&드라마 지수,9526.4,9230,,,,1832,1775,,,,3.74,-3.11,,,,1825.21,1774.72,,,,0.37,0.02,,,,5200000,5200000,,,,100000,52,52,0,0,0
A395160,KODEX AI반도체TOP2플러스,20210730,,일반,FnGuide AI반도체 TOP2+ 지수,4605891,3905740,,,,47095,40100,,,,3.57,-14.85,,,,47003.53,40105.83,,,,0.19,-0.01,,,,97800000,97400000,,,,100000,978,974,0,0,0
A395170,KODEX Top10동일가중,20210730,,일반,FnGuide TOP10 동일가중 지수,34890,31980,,,,17445,15990,,,,3.59,-8.34,,,,17403.81,15912.97,,,,0.24,0.48,,,,2000000,2000000,,,,100000,20,20,0,0,0
A395270,HANARO Fn K-반도체,20210730,,일반,FnGuide K-반도체 지수 (시장가격),4412250,3746763.75,,,,66600,56985,,,,3.92,-14.44,,,,66436.59,57039.98,,,,0.25,-0.1,,,,66250000,65750000,,,,50000,1325,1315,0,0,0
A395280,HANARO Fn K-게임,20210730,,일반,FnGuide K-게임 지수 (시장가격),8952,8748,,,,3730,3645,,,,-2.61,-2.28,,,,3705.17,3631.98,,,,0.67,0.36,,,,2400000,2400000,,,,50000,48,48,0,0,0
A395290,HANARO Fn K-POP&미디어,20210730,,일반,FnGuide K-POP&미디어 지수 (시장가격),35281.25,34250,,,,5645,5480,,,,2.08,-2.92,,,,5621.47,5468.24,,,,0.42,0.22,,,,6250000,6250000,,,,50000,125,125,0,0,0
A395750,PLUS ESG가치주액티브,20210730,,일반,FnGuide 한화 ESG Value 지수,9018,8192,,,,22545,20480,,,,2.62,-9.16,,,,22420.87,20571.21,,,,0.55,-0.44,,,,400000,400000,,,,50000,8,8,0,0,0
A395760,PLUS ESG성장주액티브,20210730,,일반,FnGuide 한화 ESG Growth 지수,13857,12621,,,,23095,21035,,,,3.45,-8.92,,,,23050.17,21076.73,,,,0.19,-0.2,,,,600000,600000,,,,50000,12,12,0,0,0
A396500,TIGER 반도체TOP10,20210810,,일반,FnGuide 반도체TOP10 지수,10629255,9213242.5,,,,41930,36575,,,,4.38,-12.77,,,,41756.31,36602.06,,,,0.42,-0.07,,,,253500000,251900000,,,,50000,5070,5038,0,0,0
A400970,TIGER Fn메타버스,20211013,,일반,FnGuide 메타버스테마 지수,42640,41210,,,,8200,7925,,,,1.42,-3.35,,,,8188.52,7904.55,,,,0.14,0.26,,,,5200000,5200000,,,,50000,104,104,0,0,0
A401170,RISE 메타버스,20211013,,일반,iSelect 메타버스 지수(시장가격지수),48360.6,46069.2,,,,12030,11460,,,,2.6,-4.74,,,,11962.77,11425.04,,,,0.56,0.31,,,,4020000,4020000,,,,20000,201,201,0,0,0
A401470,KODEX 메타버스액티브,20211013,,일반,FnGuide K-메타버스 지수,61244,58194,,,,10040,9540,,,,0.4,-4.98,,,,10011.11,9627.81,,,,0.29,-0.91,,,,6100000,6100000,,,,50000,122,122,0,0,0
A402460,HANARO Fn K-메타버스MZ,20211013,,일반,FnGuide K-메타버스 MZ 지수(시장가격),8417.75,8030,,,,15305,14600,,,,3.34,-4.61,,,,15236.92,14535.18,,,,0.45,0.45,,,,550000,550000,,,,50000,11,11,0,0,0
A403790,MIDAS 코스피액티브,20211013,,일반,코스피지수,184713.75,168772.5,,,,63150,57700,,,,2.93,-8.63,,,,62894.1,57444.66,,,,0.41,0.44,,,,2925000,2925000,,,,75000,39,39,0,0,0
A404120,TIME K신재생에너지액티브,20211029,,일반,KRX 기후변화 솔루션지수,17780,17010,,,,25400,24300,,,,5.7,-4.33,,,,25320.76,24218.67,,,,0.31,0.34,,,,700000,700000,,,,100000,7,7,0,0,0
A404260,KODEX 기후변화솔루션,20211029,,일반,KRX 기후변화 솔루션지수,21699,20794.5,,,,24110,23105,,,,6.02,-4.17,,,,24132.56,23021.6,,,,-0.09,0.36,,,,900000,900000,,,,100000,9,9,0,0,0
A404540,TIGER KRX기후변화솔루션,20211029,,일반,KRX 기후변화 솔루션지수,9752,9320,,,,24380,23300,,,,4.57,-4.43,,,,24325.74,23203.99,,,,0.22,0.41,,,,400000,400000,,,,50000,8,8,0,0,0
A404650,SOL KRX기후변화솔루션,20211029,,일반,KRX 기후변화 솔루션지수,14598,13857,,,,24330,23095,,,,5.51,-5.08,,,,24128.92,23033.19,,,,0.83,0.27,,,,600000,600000,,,,100000,6,6,0,0,0
A407300,HANARO Fn골프테마,20211124,,일반,FnGuide 골프 테마 지수(시장가격),6160,6160,,,,11200,11200,,,,0.81,0,,,,11414.64,11072.06,,,,-1.88,1.16,,,,550000,550000,,,,50000,11,11,0,0,0
A407310,HANARO 200 TOP10,20211124,,일반,KOSPI 200 Top 10 지수(시장가격),21402,19848,,,,17835,16540,,,,3,-7.26,,,,17801.08,16643.64,,,,0.19,-0.62,,,,1200000,1200000,,,,50000,24,24,0,0,0
A407820,에셋플러스 코리아플랫폼액티브,20211116,,일반,FnGuide 플랫폼 지수(Price Return),12249,11574,,,,6805,6430,,,,3.58,-5.51,,,,6790.66,6444.18,,,,0.21,-0.22,,,,1800000,1800000,,,,100000,18,18,0,0,0
A410870,TIME K컬처액티브,20211215,,일반,FnGuide K-컬처 지수,11148.5,10994.5,,,,10135,9995,,,,0.85,-1.38,,,,10194.48,10059.02,,,,-0.58,-0.64,,,,1100000,1100000,,,,100000,11,11,0,0,0
A411540,SOL 200 Top10,20211209,,일반,KOSPI 200 Top 10 지수(시장가격),27345,25612.5,,,,18230,17075,,,,2.27,-6.34,,,,18194.91,17008.76,,,,0.19,0.39,,,,1500000,1500000,,,,100000,15,15,0,0,0
A412560,TIGER BBIG레버리지,20211215,,레버리지,KRX BBIG 레버리지 지수,1110.85,1082.25,,,,1709,1665,,,,10.61,-2.57,,,,1693.48,1625.91,,,,0.92,2.4,,,,650000,650000,,,,50000,13,13,0,0,0
A412570,TIGER 2차전지TOP10레버리지,20211215,,레버리지,KRX 2차전지 TOP 10 레버리지 지수,143443.35,143822.4,,,,1083,1083,,,,11.53,0,,,,1065.37,1082.83,,,,1.65,0.02,,,,132450000,132800000,,,,50000,2649,2656,0,0,0
A413930,WON AI ESG액티브,20220105,,일반,MK-iSelect AI ESG 지수(시장가격지수),16923.5,15276.25,,,,30770,27775,,,,2.93,-9.73,,,,30731.26,27823.54,,,,0.13,-0.17,,,,550000,550000,,,,50000,11,11,0,0,0
A417630,TIGER KEDI혁신기업ESG30,20220208,,일반,KEDI 혁신기업ESG30 지수(시장가격 지수),20217.75,19398.75,,,,19255,18475,,,,3.69,-4.05,,,,19259.83,18344.45,,,,-0.03,0.71,,,,1050000,1050000,,,,50000,21,21,0,0,0
A421320,PLUS 우주항공,20220329,,일반,iSelect 우주항공UAM지수,188926.5,178153.5,,,,28410,26790,,,,6.44,-5.7,,,,28349.02,26665.4,,,,0.22,0.47,,,,6650000,6650000,,,,50000,133,133,0,0,0
A422420,RISE 2차전지액티브,20220408,,일반,iSelect 2차전지 지수 (시장가격지수),201459.6,196752.6,,,,6420,6270,,,,7,-2.34,,,,6400.01,6297.29,,,,0.31,-0.43,,,,31380000,31380000,,,,20000,1569,1569,0,0,0
A427120,RISE AI플랫폼,20220517,,일반,FnGuide AI 플랫폼 지수,3171.2,3030.4,,,,4955,4735,,,,5.54,-4.44,,,,4930.74,4746.62,,,,0.49,-0.24,,,,640000,640000,,,,20000,32,32,0,0,0
A433250,UNICORN R&D 액티브,20220706,,일반,코스피 200,10054,9294,,,,25135,23235,,,,0.02,-7.56,,,,25091.65,23135.75,,,,0.17,0.43,,,,400000,400000,,,,50000,8,8,0,0,0
A433500,ACE 원자력TOP10,20220628,,일반,DeepSearch 원자력 TOP 10 지수 (시장가격지수),224847,209349,,,,53535,49845,,,,9.09,-6.89,,,,53334.93,49998.52,,,,0.38,-0.31,,,,4200000,4200000,,,,100000,42,42,0,0,0
A434730,HANARO 원자력iSelect,20220628,,일반,iSelect 원자력지수 (시장가격),713658,662838,,,,58980,54780,,,,6.39,-7.12,,,,58946.13,54788.84,,,,0.06,-0.02,,,,12100000,12100000,,,,50000,242,242,0,0,0
A434960,DAISHIN343 K200,20220628,,일반,코스피 200,85722,76727,,,,122460,109610,,,,3.17,-10.49,,,,121316.23,109241.63,,,,0.94,0.34,,,,700000,700000,,,,50000,14,14,0,0,0
A438740,MIDAS 중소형액티브,20220817,,일반,코스피 중형주 지수,8013.38,7843.5,,,,35615,34860,,,,5.97,-2.12,,,,35512.78,34137.46,,,,0.29,2.12,,,,225000,225000,,,,75000,3,3,0,0,0
A438900,HANARO Fn K-푸드,20220817,,일반,FnGuide K-푸드 지수 (시장가격),14007.5,13897,,,,10775,10690,,,,1.94,-0.79,,,,10757.05,10685.49,,,,0.17,0.04,,,,1300000,1300000,,,,50000,26,26,0,0,0
A441540,HANARO Fn조선해운,20220915,,일반,FnGuide 조선해운지수,74186,71500,,,,26495,26000,,,,4.21,-1.87,,,,26392.92,25952,,,,0.39,0.18,,,,2800000,2750000,,,,50000,56,55,0,0,0
A441800,TIME Korea플러스배당액티브,20220927,,일반,코스피 200,879171,812977.8,,,,32275,29845,,,,3.95,-7.53,,,,32157.66,29898.49,,,,0.36,-0.18,,,,27240000,27240000,,,,20000,1362,1362,0,0,0
A442090,에셋플러스 코리아대장장이액티브,20220920,,일반,FnGuide 대장장이 지수(Price Return),46837.5,43957.5,,,,31225,29305,,,,2.88,-6.15,,,,31078.75,29264.71,,,,0.47,0.14,,,,1500000,1500000,,,,100000,15,15,0,0,0
A442260,마이티 다이나믹퀀트액티브,20221025,,일반,코스피 200,54553.6,48710.4,,,,42620,38055,,,,2.76,-10.71,,,,42441.23,37975.85,,,,0.42,0.21,,,,1280000,1280000,,,,40000,32,32,0,0,0
A444200,SOL 코리아메가테크액티브,20221018,,일반,KEDI 메가테크지수(PR),593274.5,529074,,,,49855,45220,,,,2.72,-9.3,,,,49657.93,45232.06,,,,0.4,-0.03,,,,11900000,11700000,,,,50000,238,234,0,0,0
A445150,KODEX 친환경조선해운액티브,20221115,,일반,FnGuide K-친환경선박 지수,53770,52810.5,,,,28300,27795,,,,5.48,-1.78,,,,28216.65,27703.24,,,,0.3,0.33,,,,1900000,1900000,,,,50000,38,38,0,0,0
A445290,KODEX 로봇액티브,20221115,,일반,iSelect K-로봇테마 지수,1100722.5,1033680,,,,31050,29200,,,,4.19,-5.96,,,,30941.37,29296.51,,,,0.35,-0.33,,,,35450000,35400000,,,,50000,709,708,0,0,0
A445690,BNK 주주가치액티브,20221027,,일반,FnGuide 주주가치 지수,21037.25,19613.75,,,,32365,30175,,,,2.4,-6.77,,,,32221.97,30158.38,,,,0.44,0.06,,,,650000,650000,,,,50000,13,13,0,0,0
A445910,TIGER MKF배당귀족,20221018,,일반,MKF 배당귀족 지수(시장가격지수),20435,20130,,,,20435,20130,,,,0.54,-1.49,,,,20342.42,20057.64,,,,0.46,0.36,,,,1000000,1000000,,,,50000,20,20,0,0,0
A446700,RISE 배터리 리사이클링,20221101,,일반,iSelect 배터리 리사이클링 지수,11145.1,11015.3,,,,9445,9335,,,,5.18,-1.16,,,,9440.17,9310.26,,,,0.05,0.27,,,,1180000,1180000,,,,20000,59,59,0,0,0
A447430,ACE 주주환원가치주액티브,20221115,,일반,FnGuide 올라운드 가치주 시장가격지수,46551,46713.25,,,,15780,15835,,,,2.37,0.35,,,,15861.94,15782.93,,,,-0.52,0.33,,,,2950000,2950000,,,,50000,59,59,0,0,0
A448100,WON 200,20221216,,일반,코스피 200,136724.5,123260.5,,,,124295,112055,,,,2.68,-9.85,,,,123951.06,111653.95,,,,0.28,0.36,,,,1100000,1100000,,,,25000,44,44,0,0,0
A448570,FOCUS AI코리아액티브,20221115,,일반,코스피지수,43159.5,40614.75,,,,31970,30085,,,,3.83,-5.9,,,,31830.64,30273.42,,,,0.44,-0.62,,,,1350000,1350000,,,,50000,27,27,0,0,0
A449450,PLUS K방산,20230105,,일반,FnGuide K-방위산업 지수,1113390.3,1076715.25,,,,55310,53435,,,,5.96,-3.39,,,,55102.28,53216.08,,,,0.38,0.41,,,,20130000,20150000,,,,50000,402.6,403,0,0,0
A450910,SOL 코스닥150,20230131,,일반,코스닥 150,32384,31027,,,,14080,13490,,,,4.45,-4.19,,,,14166.68,13473.88,,,,-0.61,0.12,,,,2300000,2300000,,,,20000,115,115,0,0,0
A451060,1Q 200액티브,20230131,,일반,코스피 200,469779.75,423852.75,,,,38665,34885,,,,2.68,-9.78,,,,38635.04,34739.9,,,,0.08,0.42,,,,12150000,12150000,,,,150000,81,81,0,0,0
A454320,HANARO CAPEX설비투자iSelect,20230418,,일반,iSelect CAPEX 설비투자 지수(시장가격),106016.25,99462.75,,,,41575,39005,,,,6.19,-6.18,,,,41419.98,39178.7,,,,0.37,-0.44,,,,2550000,2550000,,,,50000,51,51,0,0,0
A455850,SOL AI반도체소부장,20230425,,일반,FnGuide AI 반도체 소부장 지수,1154824.5,1085000,,,,25835,24800,,,,9.8,-4.01,,,,25717.38,24703.62,,,,0.46,0.39,,,,44700000,43750000,,,,50000,894,875,0,0,0
A455860,SOL 2차전지소부장Fn,20230425,,일반,FnGuide 2차전지 소부장 지수(PR),104839,102053,,,,4405,4270,,,,6.4,-3.06,,,,4384.51,4299.61,,,,0.47,-0.69,,,,23800000,23900000,,,,50000,476,478,0,0,0
A457930,BNK 미래전략기술액티브,20230620,,일반,iSelect 미래전략기술 지수 (PR),8514,7962,,,,28380,26540,,,,1.19,-6.48,,,,28278.34,26438.04,,,,0.36,0.39,,,,300000,300000,,,,50000,6,6,0,0,0
A457990,PLUS 태양광&ESS,20230620,,일반,FnGuide 태양광&ESS 지수,109824,109232.5,,,,33280,33610,,,,5.65,0.99,,,,33193.76,33546.92,,,,0.26,0.19,,,,3300000,3250000,,,,50000,66,65,0,0,0
A461450,KODEX 코스닥글로벌,20230629,,일반,코스닥 글로벌 지수,23670,23017.5,,,,15780,15345,,,,7.79,-2.76,,,,15716.88,15301.64,,,,0.4,0.28,,,,1500000,1500000,,,,100000,15,15,0,0,0
A461580,TIGER 코스닥글로벌,20230629,,일반,코스닥 글로벌 지수,11259.5,10958.5,,,,16085,15655,,,,7.09,-2.67,,,,16044.56,15623.51,,,,0.25,0.2,,,,700000,700000,,,,50000,14,14,0,0,0
A461950,KODEX 2차전지핵심소재10,20230704,,일반,FnGuide 2차전지핵심소재10 지수,157842,154012.5,,,,4740,4625,,,,7.6,-2.43,,,,4721.94,4654.69,,,,0.38,-0.64,,,,33300000,33300000,,,,50000,666,666,0,0,0
A462010,TIGER 2차전지소재Fn,20230713,,일반,FnGuide 2차전지소재 (Price Return) 지수,500556,489651.5,,,,4720,4615,,,,6.19,-2.22,,,,4709.58,4627.29,,,,0.22,-0.27,,,,106050000,106100000,,,,50000,2121,2122,0,0,0
A462330,KODEX 2차전지산업레버리지,20230704,,레버리지,FnGuide 2차전지 산업 레버리지(2x) 지수,576622.8,575556.8,,,,962,944,,,,11.86,-1.87,,,,955.29,940.35,,,,0.7,0.39,,,,599400000,609700000,,,,100000,5994,6097,0,0,0
A462900,KoAct 바이오헬스케어액티브,20230803,,일반,iSelect 바이오헬스케어 PR 지수,439413,423280,,,,14820,14300,,,,2.07,-3.51,,,,14768.37,14376.19,,,,0.35,-0.53,,,,29650000,29600000,,,,50000,593,592,0,0,0
A463050,TIME K바이오액티브,20230817,,일반,KRX 헬스케어,260000,250123.75,,,,13000,12475,,,,2.69,-4.04,,,,12959.46,12617.8,,,,0.31,-1.13,,,,20000000,20050000,,,,50000,400,401,0,0,0
A463250,TIGER K방산&우주,20230725,,일반,iSelect K방산&우주,606293.5,577431,,,,36305,34785,,,,6.5,-4.19,,,,36172.12,34760.87,,,,0.37,0.07,,,,16700000,16600000,,,,50000,334,332,0,0,0
A464600,SOL 자동차소부장Fn,20230822,,일반,FnGuide 자동차소부장지수(PR),24295,22715,,,,24295,22715,,,,5.36,-6.5,,,,24181.83,22679.72,,,,0.47,0.16,,,,1000000,1000000,,,,50000,20,20,0,0,0
A464610,SOL 의료기기소부장Fn,20230822,,일반,FnGuide 의료기기소부장지수(PR),16574.25,16369.25,,,,8085,7985,,,,3.39,-1.24,,,,8043.06,7956.67,,,,0.52,0.36,,,,2050000,2050000,,,,50000,41,41,0,0,0
A465330,RISE 2차전지TOP10,20230912,,일반,iSelect 2차전지 TOP10 지수(PR),58938.88,59225,,,,10295,10300,,,,6.41,0.05,,,,10261.53,10274.32,,,,0.33,0.25,,,,5725000,5750000,,,,25000,229,230,0,0,0
A465350,RISE 2차전지TOP10인버스(합성),20230912,,인버스 1X ,iSelect 2차전지 TOP10 인버스 지수(PR),38450,38100,,,,19225,19050,,,,-5.44,-0.91,,,,19403.14,19377.05,,,,-0.92,-1.69,,,,2000000,2000000,,,,25000,80,80,0,0,0
A466810,BNK 2차전지양극재,20231019,,일반,iSelect 2차전지양극재 지수,7873.5,7764.75,,,,5430,5355,,,,7.21,-1.38,,,,5403.43,5389.52,,,,0.49,-0.64,,,,1450000,1450000,,,,50000,29,29,0,0,0
A466920,SOL 조선TOP3플러스,20231005,,일반,FnGuide 조선TOP3플러스지수(PR),1462860,1438320,,,,28350,27660,,,,3.47,-2.43,,,,28283.4,27714.04,,,,0.24,-0.19,,,,51600000,52000000,,,,50000,1032,1040,0,0,0
A466930,SOL 자동차TOP3플러스,20231005,,일반,FnGuide 자동차TOP3플러스지수(PR),310050.5,295172,,,,28445,27080,,,,3.83,-4.8,,,,28384.2,27192.18,,,,0.21,-0.41,,,,10900000,10900000,,,,50000,218,218,0,0,0
A466940,TIGER 은행고배당플러스TOP10,20231017,,일반,FnGuide 은행고배당플러스TOP10 지수(시장가격 지수),828222,829053.5,,,,26760,27005,,,,4.02,0.92,,,,26915.64,27142.94,,,,-0.58,-0.51,,,,30950000,30700000,,,,50000,619,614,0,0,0
A469070,RISE AI&로봇,20231024,,일반,iSelect AI&로봇 지수(시장가격),345437,326010.25,,,,10580,9985,,,,5.48,-5.62,,,,10543.22,10028.51,,,,0.35,-0.43,,,,32650000,32650000,,,,50000,653,653,0,0,0
A469150,ACE AI반도체TOP3+,20231017,,일반,FnGuide AI 반도체 TOP3+ 지수,1201992.5,1082838.25,,,,64450,57445,,,,3.6,-10.87,,,,64206.71,57385.68,,,,0.38,0.1,,,,18650000,18850000,,,,50000,373,377,0,0,0
A469170,ACE 포스코그룹포커스,20231017,,일반,FnGuide 포스코그룹포커스 지수(시장가격),102165.25,100388.75,,,,5335,5215,,,,4.61,-2.25,,,,5323.03,5249.6,,,,0.22,-0.66,,,,19150000,19250000,,,,50000,383,385,0,0,0
A469790,KIWOOM 코리아테크TOP10,20231031,,일반,Solactive K-TechTOP10 Index(PR),37992,29379,,,,47490,41970,,,,2.84,-11.62,,,,47296.09,42216.6,,,,0.41,-0.58,,,,800000,700000,,,,100000,8,7,0,0,0
A470310,UNICORN 생성형AI강소기업액티브,20231121,,일반,iSelect AI 지수,4951.5,4776,,,,16505,15920,,,,3.81,-3.54,,,,16406.35,15854.87,,,,0.6,0.41,,,,300000,300000,,,,50000,6,6,0,0,0
A471760,TIGER AI반도체핵심공정,20231121,,일반,iSelect AI반도체핵심공정지수,141587.25,124381.25,,,,15645,14215,,,,7.64,-9.14,,,,15614.57,14284.86,,,,0.19,-0.49,,,,9050000,8750000,,,,50000,181,175,0,0,0
A471780,TIGER 코리아테크액티브,20231128,,일반,KRX 정보기술,296416.5,267764,,,,40605,36680,,,,6.02,-9.67,,,,40609.11,36569.17,,,,-0.01,0.3,,,,7300000,7300000,,,,10000,730,730,0,0,0
A471990,KODEX AI반도체핵심장비,20231121,,일반,iSelect AI 반도체핵심장비 지수,405657,380791.5,,,,24660,23290,,,,8.78,-5.56,,,,24525.91,23229.13,,,,0.55,0.26,,,,16450000,16350000,,,,50000,329,327,0,0,0
A472150,TIGER 배당커버드콜액티브,20231212,,일반,코스피 200 커버드콜 5% OTM 지수(PR 지수),2303772,2061776.25,,,,23460,20985,,,,2.96,-10.55,,,,23371.17,21003.12,,,,0.38,-0.09,,,,98200000,98250000,,,,10000,9820,9825,0,0,0
A472720,TRUSTON 주주가치액티브,20231214,,일반,코스피 200,14393.6,13553.8,,,,27680,26065,,,,3.15,-5.83,,,,27577.29,25916.52,,,,0.37,0.57,,,,520000,520000,,,,20000,26,26,0,0,0
A472840,IBK 200,20231221,,일반,코스피 200,45181.88,40413.75,,,,120485,107770,,,,3.17,-10.55,,,,119773.83,107981.75,,,,0.59,-0.2,,,,375000,375000,,,,25000,15,15,0,0,0
A474590,WON 반도체밸류체인액티브,20240116,,일반,FnGuide 반도체 밸류체인 (Price Return) 지수,440458,403522.5,,,,50920,46650,,,,6.29,-8.39,,,,51190.6,46538,,,,-0.53,0.24,,,,8650000,8650000,,,,50000,173,173,0,0,0
A475050,ACE KPOP포커스,20240130,,일반,iSelect K-POP 포커스지수(시장가격),111150,107730,,,,7800,7560,,,,2.97,-3.08,,,,7776.05,7578.44,,,,0.31,-0.24,,,,14250000,14250000,,,,50000,285,285,0,0,0
A475300,SOL 반도체전공정,20240214,,일반,FnGuide 반도체 전공정 지수(PR),326777.5,310841.5,,,,24850,24190,,,,14.62,-2.66,,,,24780.76,24174.99,,,,0.28,0.06,,,,13150000,12850000,,,,50000,263,257,0,0,0
A475310,SOL 반도체후공정,20240214,,일반,FnGuide 반도체 후공정 지수(PR),74112.5,69498,,,,26950,25740,,,,10.18,-4.49,,,,26866.96,25678.9,,,,0.31,0.24,,,,2750000,2700000,,,,50000,55,54,0,0,0
A475720,RISE 200위클리커버드콜,20240305,,일반,코스피 200 위클리 커버드콜 ATM 지수,876096,807166.25,,,,14040,12925,,,,2.07,-7.94,,,,14017.07,12965.75,,,,0.16,-0.31,,,,62400000,62450000,,,,50000,1248,1249,0,0,0
A476000,UNICORN 포스트IPO액티브,20240227,,일반,iSelect 포스트 IPO 지수,3286.25,3093.75,,,,5975,5625,,,,5.19,-5.86,,,,6042.89,5618.34,,,,-1.12,0.12,,,,550000,550000,,,,50000,11,11,0,0,0
A476260,HANARO 반도체핵심공정주도주,20240227,,일반,FnGuide 반도체 핵심공정 주도주 지수,60454.75,57934.5,,,,15305,14855,,,,14.86,-2.94,,,,15228.83,14828.96,,,,0.5,0.18,,,,3950000,3900000,,,,50000,79,78,0,0,0
A476850,KoAct 배당성장액티브,20240227,,일반,코스피지수,107962,99429,,,,23470,21615,,,,3.3,-7.9,,,,23435.59,21657.54,,,,0.15,-0.2,,,,4600000,4600000,,,,50000,92,92,0,0,0
A479850,HANARO K-뷰티,20240416,,일반,FnGuide K-뷰티 지수,24060,24615,,,,16040,16410,,,,2.82,2.31,,,,16048.23,16354.24,,,,-0.05,0.34,,,,1500000,1500000,,,,50000,30,30,0,0,0
A482030,KoAct 반도체&2차전지핵심소재액티브,20240514,,일반,iSelect 반도체&2차전지핵심소재 지수,9523.5,9460.5,,,,9070,9010,,,,8.17,-0.66,,,,9123.81,8970.58,,,,-0.59,0.44,,,,1050000,1050000,,,,50000,21,21,0,0,0
A483020,KIWOOM 의료AI,20240528,,일반,FnGuide 의료AI 지수,5715,5541,,,,9525,9235,,,,4.04,-3.04,,,,9499.92,9240.36,,,,0.26,-0.06,,,,600000,600000,,,,50000,12,12,0,0,0
A484880,SOL 금융지주플러스고배당,20240625,,일반,FnGuide 금융지주플러스고배당 지수(PR),353736,354960,,,,23120,23200,,,,5.72,0.35,,,,23088.31,23285.14,,,,0.14,-0.37,,,,15300000,15300000,,,,50000,306,306,0,0,0
A486240,DAISHIN343 AI반도체&인프라액티브,20240618,,일반,FnGuide AI반도체&인프라 지수,109735,100385,,,,32275,29525,,,,6.55,-8.52,,,,32154.35,29399.82,,,,0.38,0.43,,,,3400000,3400000,,,,100000,34,34,0,0,0
A487130,KoAct AI인프라액티브,20240709,,일반,Solactive AI인프라 지수,71093,65032.5,,,,30910,28275,,,,8.34,-8.52,,,,30823.35,28453.58,,,,0.28,-0.63,,,,2300000,2300000,,,,50000,46,46,0,0,0
A487240,KODEX AI전력핵심설비,20240709,,일반,iSelect AI 전력핵심설비 지수(Price Return),3222720,2928797.5,,,,37300,34175,,,,6.51,-8.38,,,,37214.1,34282.21,,,,0.23,-0.31,,,,86400000,85700000,,,,100000,864,857,0,0,0
A487750,BNK 온디바이스AI,20240723,,일반,FnGuide 온디바이스AI 지수,13792,12640,,,,34480,31600,,,,5.36,-8.35,,,,34352.5,30815.21,,,,0.37,2.55,,,,400000,400000,,,,50000,8,8,0,0,0
A488080,TIGER 반도체TOP10레버리지,20240723,,레버리지,FnGuide 반도체TOP10레버리지(2x) 지수(PR),634284.25,485803.75,,,,54445,41345,,,,7.84,-24.06,,,,54112.34,41038.93,,,,0.61,0.75,,,,11650000,11750000,,,,50000,233,235,0,0,0
A488200,KIWOOM K-2차전지북미공급망,20240723,,일반,Solactive K-Battery North America Supply Chain 지수,8962.5,8745,,,,11950,11660,,,,7.42,-2.43,,,,11895.03,11613.06,,,,0.46,0.4,,,,750000,750000,,,,50000,15,15,0,0,0
A488210,KIWOOM K-반도체북미공급망,20240723,,일반,Solactive K-Semiconductor North America Supply Chain 지수,4996,4593,,,,24980,22965,,,,7.72,-8.07,,,,24703.11,22967.64,,,,1.12,-0.01,,,,200000,200000,,,,50000,4,4,0,0,0
A489030,PLUS 고배당주위클리커버드콜,20240813,,일반,코스피 고배당 위클리 콜매도 ATM 지수,291322.5,296692.5,,,,6510,6630,,,,2.52,1.84,,,,6502.92,6646.7,,,,0.11,-0.25,,,,44750000,44750000,,,,50000,895,895,0,0,0
A490480,SOL K방산,20241002,,일반,KEDI K방산 지수(PR),85550,83190,,,,29000,28200,,,,3.28,-2.76,,,,29160.97,28152.03,,,,-0.55,0.17,,,,2950000,2950000,,,,50000,59,59,0,0,0
A491220,PLUS 200TR,20240910,,일반,코스피 200 TR지수,64305,57892.5,,,,142900,128650,,,,2.64,-9.97,,,,142767.49,128570.56,,,,0.09,0.06,,,,450000,450000,,,,50000,9,9,0,0,0
A491510,파워 K-주주가치액티브,20240924,,일반,FnGuide K-주주가치 지수,16339.5,15889.5,,,,18155,17655,,,,3.86,-2.75,,,,18071.6,17821.75,,,,0.46,-0.94,,,,900000,900000,,,,50000,18,18,0,0,0
A491700,HK 200,20240910,,일반,코스피 200,73410,65790,,,,122350,109650,,,,3.98,-10.38,,,,121234.81,109284.87,,,,0.92,0.33,,,,600000,600000,,,,50000,12,12,0,0,0
A491820,HANARO 전력설비투자,20240924,,일반,iSelect 전력설비투자 지수,169138,151441,,,,44510,40930,,,,6.13,-8.04,,,,44525.98,41041.57,,,,-0.04,-0.27,,,,3800000,3700000,,,,50000,76,74,0,0,0
A494220,UNICORN SK하이닉스밸류체인액티브,20241107,,일반,FnGuide SK하이닉스밸류체인 지수,203463,179945,,,,54990,49300,,,,8.24,-10.35,,,,54787.29,49281.85,,,,0.37,0.04,,,,3700000,3650000,,,,50000,74,73,0,0,0
A494310,KODEX 반도체레버리지,20241022,,레버리지,KRX 반도체 레버리지 지수,1375145,1106413.5,,,,120100,96630,,,,6.47,-19.54,,,,121547.95,95124.44,,,,-1.19,1.58,,,,11450000,11450000,,,,50000,229,229,0,0,0
A494330,ACE 라이프자산주주가치액티브,20241015,,일반,FnGuide 기업가치 지수(시장가격),151501.25,151732.25,,,,31895,31285,,,,2.56,-1.91,,,,31874.55,31562.31,,,,0.06,-0.88,,,,4750000,4850000,,,,50000,95,97,0,0,0
A494670,TIGER 조선TOP10,20241022,,일반,iSelect 조선TOP10 Index(PR),559413.75,546157.5,,,,22155,21630,,,,3.24,-2.37,,,,22070.19,21644.57,,,,0.38,-0.07,,,,25250000,25250000,,,,50000,505,505,0,0,0
A494890,KODEX 200액티브,20241029,,일반,코스피 200,1206502,1090100.5,,,,34870,31415,,,,2.86,-9.91,,,,34809.78,31309.82,,,,0.17,0.34,,,,34600000,34700000,,,,100000,346,347,0,0,0
A495040,PLUS 코리아밸류업,20241104,,일반,코리아 밸류업 지수,98322,90720,,,,35115,32400,,,,2.68,-7.73,,,,35249.78,32463.07,,,,-0.38,-0.19,,,,2800000,2800000,,,,50000,56,56,0,0,0
A495050,RISE 코리아밸류업,20241104,,일반,코리아 밸류업 지수,1059828,976800,,,,35805,33000,,,,3.21,-7.83,,,,35764.57,32939.69,,,,0.11,0.18,,,,29600000,29600000,,,,50000,592,592,0,0,0
A495060,TIME 코리아밸류업액티브,20241104,,일반,코리아 밸류업 지수,263799.25,239464.25,,,,33605,30505,,,,4.25,-9.22,,,,33520.1,30482.47,,,,0.25,0.07,,,,7850000,7850000,,,,50000,157,157,0,0,0
A495230,KoAct 코리아밸류업액티브,20241104,,일반,코리아 밸류업 지수,303874.5,278140.75,,,,35130,32155,,,,3.78,-8.47,,,,34988.92,32122.28,,,,0.4,0.1,,,,8650000,8650000,,,,50000,173,173,0,0,0
A495330,1Q 코리아밸류업,20241104,,일반,코리아 밸류업 지수,152349,139535,,,,35430,32450,,,,2.44,-8.41,,,,35349.45,32565.7,,,,0.23,-0.36,,,,4300000,4300000,,,,100000,43,43,0,0,0
A495550,SOL 코리아밸류업TR,20241104,,일반,코리아 밸류업 TR 지수,217800,200610,,,,36300,33435,,,,2.27,-7.89,,,,36237.43,33437.04,,,,0.17,-0.01,,,,6000000,6000000,,,,50000,120,120,0,0,0
A495750,HANARO 코리아밸류업,20241104,,일반,코리아 밸류업 지수,85320,77952,,,,35550,32480,,,,3.8,-8.64,,,,35491.39,32745.46,,,,0.17,-0.81,,,,2400000,2400000,,,,50000,48,48,0,0,0
A495850,KODEX 코리아밸류업,20241104,,일반,코리아 밸류업 지수,793983.75,729727.5,,,,35525,32650,,,,2.97,-8.09,,,,35507.86,32748.24,,,,0.05,-0.3,,,,22350000,22350000,,,,50000,447,447,0,0,0
A496080,TIGER 코리아밸류업,20241104,,일반,코리아 밸류업 지수,564577,520168.5,,,,35620,32715,,,,2.98,-8.16,,,,35516.49,32783.78,,,,0.29,-0.21,,,,15850000,15900000,,,,50000,317,318,0,0,0
A496090,KIWOOM 코리아밸류업,20241104,,일반,코리아 밸류업 지수,115927.5,105950,,,,35670,32600,,,,4.07,-8.61,,,,35536.18,32765.04,,,,0.38,-0.5,,,,3250000,3250000,,,,50000,65,65,0,0,0
A496120,ACE 코리아밸류업,20241104,,일반,코리아 밸류업 지수,29596,27140,,,,36995,33925,,,,3.29,-8.3,,,,36907.7,34024.5,,,,0.24,-0.29,,,,800000,800000,,,,50000,16,16,0,0,0
A496130,TRUSTON 코리아밸류업액티브,20241104,,일반,코리아 밸류업 지수,15381.9,13940.1,,,,28485,25815,,,,4.96,-9.37,,,,28101.64,25983.89,,,,1.36,-0.65,,,,540000,540000,,,,20000,27,27,0,0,0
A498050,HANARO 바이오코리아액티브,20241126,,일반,iSelect K-바이오헬스케어,11550,11120,,,,11550,11120,,,,2.76,-3.72,,,,11487.59,11190.35,,,,0.54,-0.63,,,,1000000,1000000,,,,50000,20,20,0,0,0
A498400,KODEX 200타겟위클리커버드콜,20241203,,일반,코스피 200 타겟 15% 위클리 커버드콜 지수,6165107,5628064,,,,23335,21190,,,,1.94,-9.19,,,,23349.97,20781.3,,,,-0.06,1.97,,,,264200000,265600000,,,,100000,2642,2656,0,0,0
A498410,KODEX 금융고배당TOP10타겟위클리커버드콜,20241217,,일반,코스피 200 금융 고배당 TOP 10 타겟 15% 분배 위클리 커버드콜 지수,855384,854274,,,,12290,12345,,,,5.22,0.45,,,,12317.84,12465.7,,,,-0.23,-0.97,,,,69600000,69200000,,,,100000,696,692,0,0,0
A498860,RISE 코리아금융고배당,20241210,,일반,iSelect 코리아 금융 고배당 지수,40950,40297.5,,,,18200,17910,,,,5.72,-1.59,,,,18228.22,17954.43,,,,-0.15,-0.25,,,,2250000,2250000,,,,50000,45,45,0,0,0
